"party_id","party_name","issue_slug","issue_label","question","stance","stance_he","evidence","source_count","source_type","source_tier","source_date","source_url","verified"
"likud","הליכוד","palestinian-state","מדינה פלסטינית","האם יש להקים מדינה פלסטינית לצד ישראל במסגרת הסדר עתידי?","0","נגד","sourced","3","vote","doc","2024-10-30","https://main.knesset.gov.il/Activity/Legislation/Laws/Pages/LawBill.aspx?t=lawsuggestionssearch&lawitemid=2220999","2026-09-07"
"likud","הליכוד","death-penalty","עונש מוות למחבלים","האם יש לחוקק בישראל עונש מוות למחבלים?","1","בעד","sourced","5","vote","doc","2026-03-30","https://main.knesset.gov.il/Activity/Legislation/Laws/Pages/LawBill.aspx?t=lawsuggestionssearch&lawitemid=2199298","2026-09-07"
"likud","הליכוד","haredi-draft","גיוס חרדים","האם יש לחוקק חוק המחייב גיוס בחורי ישיבה חרדים, כולל סנקציות אישיות על משתמטים?","0","נגד","sourced","4","vote","doc","2026-07-13","https://main.knesset.gov.il/Activity/Legislation/Laws/Pages/LawBill.aspx?t=lawsuggestionssearch&lawitemid=2198907","2026-09-07"
"likud","הליכוד","judicial-reform","הרפורמה המשפטית והגבלת בג""ץ","האם יש להגביל את סמכויות בג""ץ ולחזק את כוחן של הכנסת והממשלה (ברוח הרפורמה המשפטית)?","1","בעד","sourced","3","vote","doc","2023-07-11","https://main.knesset.gov.il/Activity/Legislation/Laws/Pages/LawBill.aspx?t=lawsuggestionssearch&lawitemid=2207472","2026-09-07"
"likud","הליכוד","oct7-inquiry","ועדת חקירה ממלכתית ל-7 באוקטובר","האם יש להקים מיד ועדת חקירה ממלכתית לאירועי 7 באוקטובר?","0","נגד","sourced","4","vote","doc","2026-07-01","https://main.knesset.gov.il/Activity/Legislation/Laws/Pages/LawBill.aspx?t=lawsuggestionssearch&lawitemid=2236693","2026-09-07"
"likud","הליכוד","religion-state","תחבורה ציבורית בשבת ונישואים אזרחיים","האם יש להפעיל תחבורה ציבורית בשבת ולהנהיג נישואים אזרחיים בישראל?","0","נגד","sourced","3","vote","doc","2025-11-19","https://main.knesset.gov.il/Activity/Legislation/Laws/Pages/LawBill.aspx?t=lawsuggestionssearch&lawitemid=2200707","2026-09-07"
"likud","הליכוד","gaza-control","שליטה ביטחונית בעזה","האם צה""ל צריך להמשיך לשלוט ביטחונית ברצועת עזה גם בשנים הקרובות?","1","בעד","sourced","2","leader","said","2025-09-26","https://www.calcalist.co.il/local_news/article/syg8ggn2ge","2026-09-07"
"likud","הליכוד","lower-taxes","הורדת מסים מול שירותים לאזרח","האם צריך להוריד מסים, גם אם המשמעות היא שהמדינה תספק פחות שירותים לאזרח?","1","בעד","sourced","1","media","reported","2026-06-03","https://www.themarker.com/news/macroeconomics/2026-06-03/ty-article/0000019e-8ee9-db6c-adff-befffa2f0000","2026-09-07"
"likud","הליכוד","yeshiva-budgets","תקציבי הישיבות והחינוך החרדי","האם יש להגדיל את התקציבים לישיבות ולמוסדות החינוך החרדי?","0.5","עמדה חלקית","sourced","1","leader","said","2023-12-03","https://www.israelhayom.co.il/business/article/14900737","2026-09-07"
"likud","הליכוד","nation-state-law","סעיף שוויון בחוק הלאום","האם צריך להוסיף לחוק הלאום סעיף שקובע שכל אזרחי ישראל שווים?","0","נגד","sourced","2","vote","doc","2025-01-01","https://main.knesset.gov.il/Activity/Legislation/Laws/Pages/LawBill.aspx?t=lawsuggestionssearch&lawitemid=2222918","2026-09-07"
"likud","הליכוד","temple-mount","תפילת יהודים בהר הבית","האם יש לאפשר תפילת יהודים בהר הבית, גם אם המשמעות היא שינוי הסטטוס-קוו?","0","נגד","sourced","1","leader","said","2024-06-05","https://www.ynet.co.il/news/article/hj133gcvr","2026-09-07"
"likud","הליכוד","settlements","הרחבת ההתנחלויות","האם יש להרחיב את ההתנחלויות ביהודה ושומרון?","1","בעד","sourced","4","vote","doc","2025-07-23","https://knesset.gov.il/OdataV4/ParliamentInfo/KNS_PlenumVote(44413)","2026-09-07"
"likud","הליכוד","term-limits","הגבלת כהונת ראש הממשלה","האם צריך לקבוע בחוק הגבלה על מספר השנים שראש ממשלה יכול לכהן?","0","נגד","sourced","4","vote","doc","2026-01-14","https://main.knesset.gov.il/Activity/Legislation/Laws/Pages/LawBill.aspx?t=lawsuggestionssearch&lawitemid=2203407","2026-09-07"
"likud","הליכוד","benefits-for-service","התניית הטבות בשירות צבאי או אזרחי","האם יש להתנות הטבות ממשלתיות (כמו הנחות ומענקים) בשירות צבאי או אזרחי?","0","נגד","sourced","2","vote","doc","2025-10-22","https://main.knesset.gov.il/Activity/Legislation/Laws/Pages/LawBill.aspx?t=lawsuggestionssearch&lawitemid=2232134","2026-09-07"
"likud","הליכוד","housing","התערבות ממשלתית בשוק הדיור","האם על הממשלה להתערב באופן פעיל בשוק הדיור: פיקוח, סבסוד ודיור ציבורי?","0.5","עמדה חלקית","sourced","1","media","reported","2026-06-03","https://www.themarker.com/news/macroeconomics/2026-06-03/ty-article/0000019e-8ee9-db6c-adff-befffa2f0000","2026-09-07"
"likud","הליכוד","lgbt-equality","שוויון זכויות לקהילה הלהט""בית","האם יש לעגן בחוק שוויון זכויות מלא לקהילת הלהט""ב, כולל הכרה בזוגיות?","0.5","עמדה חלקית","sourced","2","leader","said","2022-12-25","https://www.ynet.co.il/news/article/bko0dziko","2026-09-07"
"likud","הליכוד","saudi-normalization","ויתורים לפלסטינים תמורת שלום עם סעודיה","האם כדאי לישראל לוותר לפלסטינים, למשל להקפיא בנייה בהתנחלויות, כדי להשיג הסכם שלום עם ערב הסעודית?","0","נגד","sourced","1","leader","said","2025-11-20","https://www.maariv.co.il/news/politics/article-1254102","2026-09-07"
"likud","הליכוד","universal-service","חובת שירות לכלל האזרחים","האם יש להנהיג חובת שירות, צבאי או אזרחי, לכלל אזרחי ישראל, כולל חרדים וערבים?","0.5","עמדה חלקית","sourced","2","leader","said","2026-08-02","https://www.israelhayom.co.il/news/politics/article/21109266","2026-09-07"
"likud","הליכוד","haredi-coalition","חרדים בקואליציה ללא חוק גיוס","האם לגיטימי לצרף את המפלגות החרדיות לקואליציה גם ללא הסכמה מראש על חוק גיוס?","1","בעד","sourced","2","leader","said","2026-06-28","https://www.israelhayom.co.il/news/politics/article/20864365","2026-09-07"
"likud","הליכוד","arab-coalition","מפלגות ערביות בקואליציה","האם לגיטימי לצרף מפלגות ערביות לקואליציה ולממשלה?","0","נגד","sourced","2","leader","said","2026-08-22","https://www.ynet.co.il/news/article/s1w4c8wwze","2026-09-07"
"beyachad","ביחד","palestinian-state","מדינה פלסטינית","האם יש להקים מדינה פלסטינית לצד ישראל במסגרת הסדר עתידי?","0","נגד","sourced","2","leader","said","2026-07-25","https://www.mako.co.il/news-israel-elections/2026_q3/Article-a25dddd91299f91027.htm","2026-09-07"
"beyachad","ביחד","death-penalty","עונש מוות למחבלים","האם יש לחוקק בישראל עונש מוות למחבלים?","0","נגד","sourced","2","vote","doc","2026-03-30","https://main.knesset.gov.il/Activity/Legislation/Laws/Pages/LawBill.aspx?t=lawsuggestionssearch&lawitemid=2199298","2026-09-07"
"beyachad","ביחד","haredi-draft","גיוס חרדים","האם יש לחוקק חוק המחייב גיוס בחורי ישיבה חרדים, כולל סנקציות אישיות על משתמטים?","1","בעד","sourced","2","platform","doc","2026-03-30","https://yeshatid.org.il/%D7%A0%D7%97%D7%96%D7%95%D7%A8-%D7%A0%D7%AA%D7%A7%D7%9F","2026-09-07"
"beyachad","ביחד","judicial-reform","הרפורמה המשפטית והגבלת בג""ץ","האם יש להגביל את סמכויות בג""ץ ולחזק את כוחן של הכנסת והממשלה (ברוח הרפורמה המשפטית)?","0.5","עמדה חלקית","sourced","4","platform","doc","2026-03-30","https://yeshatid.org.il/%D7%A0%D7%97%D7%96%D7%95%D7%A8-%D7%A0%D7%AA%D7%A7%D7%9F","2026-09-07"
"beyachad","ביחד","oct7-inquiry","ועדת חקירה ממלכתית ל-7 באוקטובר","האם יש להקים מיד ועדת חקירה ממלכתית לאירועי 7 באוקטובר?","1","בעד","sourced","4","platform","doc","2026-03-30","https://be-yahad.org.il/","2026-09-07"
"beyachad","ביחד","religion-state","תחבורה ציבורית בשבת ונישואים אזרחיים","האם יש להפעיל תחבורה ציבורית בשבת ולהנהיג נישואים אזרחיים בישראל?","1","בעד","sourced","3","platform","doc","2026-03-30","https://yeshatid.org.il/%D7%A0%D7%97%D7%96%D7%95%D7%A8-%D7%A0%D7%AA%D7%A7%D7%9F","2026-09-07"
"beyachad","ביחד","gaza-control","שליטה ביטחונית בעזה","האם צה""ל צריך להמשיך לשלוט ביטחונית ברצועת עזה גם בשנים הקרובות?","1","בעד","sourced","1","leader","said","2026-07-03","https://www.ynet.co.il/news/120andone/article/s100tqclqmg","2026-09-07"
"beyachad","ביחד","lower-taxes","הורדת מסים מול שירותים לאזרח","האם צריך להוריד מסים, גם אם המשמעות היא שהמדינה תספק פחות שירותים לאזרח?","1","בעד","sourced","2","leader","said","2022-02-09","https://13tv.co.il/item/news/economics/press-confress-902863914/","2026-09-07"
"beyachad","ביחד","yeshiva-budgets","תקציבי הישיבות והחינוך החרדי","האם יש להגדיל את התקציבים לישיבות ולמוסדות החינוך החרדי?","0","נגד","sourced","2","platform","doc","2026-09-06","https://be-yahad.org.il/plans/","2026-09-07"
"beyachad","ביחד","nation-state-law","סעיף שוויון בחוק הלאום","האם צריך להוסיף לחוק הלאום סעיף שקובע שכל אזרחי ישראל שווים?","0.5","עמדה חלקית","sourced","4","policy","doc","2026-08-31","https://be-yahad.org.il/the-scroll/","2026-09-07"
"beyachad","ביחד","temple-mount","תפילת יהודים בהר הבית","האם יש לאפשר תפילת יהודים בהר הבית, גם אם המשמעות היא שינוי הסטטוס-קוו?","0","נגד","sourced","1","leader","said","2022-10-19","https://www.ynet.co.il/news/article/rknqtzpxo","2026-09-07"
"beyachad","ביחד","settlements","הרחבת ההתנחלויות","האם יש להרחיב את ההתנחלויות ביהודה ושומרון?","0.5","עמדה חלקית","sourced","2","leader","said","2026-08-22","https://www.mako.co.il/news-politics/2026_q3/Article-dd973a7072a20a1026.htm","2026-09-07"
"beyachad","ביחד","term-limits","הגבלת כהונת ראש הממשלה","האם צריך לקבוע בחוק הגבלה על מספר השנים שראש ממשלה יכול לכהן?","1","בעד","sourced","4","platform","doc","2026-03-30","https://be-yahad.org.il/","2026-09-07"
"beyachad","ביחד","benefits-for-service","התניית הטבות בשירות צבאי או אזרחי","האם יש להתנות הטבות ממשלתיות (כמו הנחות ומענקים) בשירות צבאי או אזרחי?","1","בעד","sourced","4","platform","doc","2026-07-29","https://be-yahad.org.il/plans/servant-law-new/","2026-09-07"
"beyachad","ביחד","housing","התערבות ממשלתית בשוק הדיור","האם על הממשלה להתערב באופן פעיל בשוק הדיור: פיקוח, סבסוד ודיור ציבורי?","1","בעד","sourced","1","platform","doc","2026-07-29","https://be-yahad.org.il/plans/servant-law-new/","2026-09-07"
"beyachad","ביחד","lgbt-equality","שוויון זכויות לקהילה הלהט""בית","האם יש לעגן בחוק שוויון זכויות מלא לקהילת הלהט""ב, כולל הכרה בזוגיות?","1","בעד","sourced","1","leader","said","2026-06-04","https://www.maariv.co.il/news/israel/article-1329383","2026-09-07"
"beyachad","ביחד","saudi-normalization","ויתורים לפלסטינים תמורת שלום עם סעודיה","האם כדאי לישראל לוותר לפלסטינים, למשל להקפיא בנייה בהתנחלויות, כדי להשיג הסכם שלום עם ערב הסעודית?","0","נגד","sourced","1","leader","said","2026-07-25","https://www.mako.co.il/news-israel-elections/2026_q3/Article-a25dddd91299f91027.htm","2026-09-07"
"beyachad","ביחד","universal-service","חובת שירות לכלל האזרחים","האם יש להנהיג חובת שירות, צבאי או אזרחי, לכלל אזרחי ישראל, כולל חרדים וערבים?","0.5","עמדה חלקית","sourced","2","platform","doc","2026-09-06","https://be-yahad.org.il/plans/","2026-09-07"
"beyachad","ביחד","haredi-coalition","חרדים בקואליציה ללא חוק גיוס","האם לגיטימי לצרף את המפלגות החרדיות לקואליציה גם ללא הסכמה מראש על חוק גיוס?","0","נגד","sourced","2","leader","said","2026-08-06","https://www.ynet.co.il/news/article/by4xhawimg","2026-09-07"
"beyachad","ביחד","arab-coalition","מפלגות ערביות בקואליציה","האם לגיטימי לצרף מפלגות ערביות לקואליציה ולממשלה?","0","נגד","sourced","1","leader","said","2026-04-26","https://www.calcalist.co.il/local_news/article/syy09ps6we","2026-09-07"
"yashar","ישר!","palestinian-state","מדינה פלסטינית","האם יש להקים מדינה פלסטינית לצד ישראל במסגרת הסדר עתידי?","0","נגד","sourced","2","leader","said","2026-08-27","https://www.israelhayom.co.il/magazine/hashavua/article/21288643","2026-09-07"
"yashar","ישר!","death-penalty","עונש מוות למחבלים","האם יש לחוקק בישראל עונש מוות למחבלים?","0.5","עמדה חלקית","documented_silence","0","","","","",""
"yashar","ישר!","haredi-draft","גיוס חרדים","האם יש לחוקק חוק המחייב גיוס בחורי ישיבה חרדים, כולל סנקציות אישיות על משתמטים?","1","בעד","sourced","2","policy","doc","2026-06-24","https://yasharwitheisenkot.com/principles/service-for-all/","2026-09-07"
"yashar","ישר!","judicial-reform","הרפורמה המשפטית והגבלת בג""ץ","האם יש להגביל את סמכויות בג""ץ ולחזק את כוחן של הכנסת והממשלה (ברוח הרפורמה המשפטית)?","0.5","עמדה חלקית","sourced","2","platform","doc","2025-12-17","https://yasharwitheisenkot.com/topic/missions/","2026-09-07"
"yashar","ישר!","oct7-inquiry","ועדת חקירה ממלכתית ל-7 באוקטובר","האם יש להקים מיד ועדת חקירה ממלכתית לאירועי 7 באוקטובר?","1","בעד","sourced","2","policy","doc","2026-08-04","https://yasharwitheisenkot.com/vaadat-hakira/","2026-09-07"
"yashar","ישר!","religion-state","תחבורה ציבורית בשבת ונישואים אזרחיים","האם יש להפעיל תחבורה ציבורית בשבת ולהנהיג נישואים אזרחיים בישראל?","0.5","עמדה חלקית","sourced","2","media","reported","2026-08-31","https://www.ynet.co.il/news/elections2026/article/yokra14883243","2026-09-07"
"yashar","ישר!","gaza-control","שליטה ביטחונית בעזה","האם צה""ל צריך להמשיך לשלוט ביטחונית ברצועת עזה גם בשנים הקרובות?","0.5","עמדה חלקית","sourced","2","leader","said","2025-05-17","https://www.mako.co.il/news-politics/2025_q2/Article-907040be4bed691026.htm","2026-09-07"
"yashar","ישר!","lower-taxes","הורדת מסים מול שירותים לאזרח","האם צריך להוריד מסים, גם אם המשמעות היא שהמדינה תספק פחות שירותים לאזרח?","0.5","עמדה חלקית","sourced","1","policy","doc","2026-06-21","https://yasharwitheisenkot.com/principles/economics/","2026-09-07"
"yashar","ישר!","yeshiva-budgets","תקציבי הישיבות והחינוך החרדי","האם יש להגדיל את התקציבים לישיבות ולמוסדות החינוך החרדי?","0","נגד","sourced","1","mk","said","2026-09-04","https://www.ynet.co.il/news/elections2026/article/yokra14887590","2026-09-07"
"yashar","ישר!","nation-state-law","סעיף שוויון בחוק הלאום","האם צריך להוסיף לחוק הלאום סעיף שקובע שכל אזרחי ישראל שווים?","0.5","עמדה חלקית","documented_silence","0","","","","",""
"yashar","ישר!","temple-mount","תפילת יהודים בהר הבית","האם יש לאפשר תפילת יהודים בהר הבית, גם אם המשמעות היא שינוי הסטטוס-קוו?","0.5","עמדה חלקית","documented_silence","0","","","","",""
"yashar","ישר!","settlements","הרחבת ההתנחלויות","האם יש להרחיב את ההתנחלויות ביהודה ושומרון?","0.5","עמדה חלקית","sourced","2","leader","said","2026-08-27","https://www.israelhayom.co.il/magazine/hashavua/article/21288643","2026-09-07"
"yashar","ישר!","term-limits","הגבלת כהונת ראש הממשלה","האם צריך לקבוע בחוק הגבלה על מספר השנים שראש ממשלה יכול לכהן?","1","בעד","sourced","2","platform","doc","2025-12-17","https://yasharwitheisenkot.com/topic/missions/","2026-09-07"
"yashar","ישר!","benefits-for-service","התניית הטבות בשירות צבאי או אזרחי","האם יש להתנות הטבות ממשלתיות (כמו הנחות ומענקים) בשירות צבאי או אזרחי?","1","בעד","sourced","2","policy","doc","2026-06-24","https://yasharwitheisenkot.com/principles/service-for-all/","2026-09-07"
"yashar","ישר!","housing","התערבות ממשלתית בשוק הדיור","האם על הממשלה להתערב באופן פעיל בשוק הדיור: פיקוח, סבסוד ודיור ציבורי?","0.5","עמדה חלקית","sourced","2","policy","doc","2026-06-23","https://yasharwitheisenkot.com/principles/reservists-honour-and-compensation/","2026-09-07"
"yashar","ישר!","lgbt-equality","שוויון זכויות לקהילה הלהט""בית","האם יש לעגן בחוק שוויון זכויות מלא לקהילת הלהט""ב, כולל הכרה בזוגיות?","0.5","עמדה חלקית","sourced","2","leader","said","2026-07-12","https://www.mako.co.il/special-more_articles/Article-e4b5ea435614f91027.htm","2026-09-07"
"yashar","ישר!","saudi-normalization","ויתורים לפלסטינים תמורת שלום עם סעודיה","האם כדאי לישראל לוותר לפלסטינים, למשל להקפיא בנייה בהתנחלויות, כדי להשיג הסכם שלום עם ערב הסעודית?","0.5","עמדה חלקית","documented_silence","0","","","","",""
"yashar","ישר!","universal-service","חובת שירות לכלל האזרחים","האם יש להנהיג חובת שירות, צבאי או אזרחי, לכלל אזרחי ישראל, כולל חרדים וערבים?","1","בעד","sourced","2","platform","doc","2025-12-17","https://yasharwitheisenkot.com/topic/missions/","2026-09-07"
"yashar","ישר!","haredi-coalition","חרדים בקואליציה ללא חוק גיוס","האם לגיטימי לצרף את המפלגות החרדיות לקואליציה גם ללא הסכמה מראש על חוק גיוס?","0","נגד","sourced","2","leader","said","2026-07-05","https://www.israelhayom.co.il/news/politics/article/20915551","2026-09-07"
"yashar","ישר!","arab-coalition","מפלגות ערביות בקואליציה","האם לגיטימי לצרף מפלגות ערביות לקואליציה ולממשלה?","0.5","עמדה חלקית","sourced","2","leader","said","2026-07-05","https://www.israelhayom.co.il/news/politics/article/20915551","2026-09-07"
"democrats","הדמוקרטים","palestinian-state","מדינה פלסטינית","האם יש להקים מדינה פלסטינית לצד ישראל במסגרת הסדר עתידי?","0.5","עמדה חלקית","sourced","2","leader","said","2025-09-21","https://www.haaretz.co.il/news/politi/2025-09-21/ty-article/.premium/00000199-6c21-db6e-a5d9-fe6d8a6d0000","2026-09-07"
"democrats","הדמוקרטים","death-penalty","עונש מוות למחבלים","האם יש לחוקק בישראל עונש מוות למחבלים?","0","נגד","sourced","3","vote","doc","2026-03-30","https://main.knesset.gov.il/Activity/Legislation/Laws/Pages/LawBill.aspx?t=lawsuggestionssearch&lawitemid=2199298","2026-09-07"
"democrats","הדמוקרטים","haredi-draft","גיוס חרדים","האם יש לחוקק חוק המחייב גיוס בחורי ישיבה חרדים, כולל סנקציות אישיות על משתמטים?","0.5","עמדה חלקית","sourced","2","leader","said","2026-08-05","https://www.israelhayom.co.il/news/politics/article/21133200","2026-09-07"
"democrats","הדמוקרטים","judicial-reform","הרפורמה המשפטית והגבלת בג""ץ","האם יש להגביל את סמכויות בג""ץ ולחזק את כוחן של הכנסת והממשלה (ברוח הרפורמה המשפטית)?","0","נגד","sourced","3","platform","doc","2026-09-06","https://democrats.org.il/wp-content/uploads/2026/08/plan-8-26-he.pdf","2026-09-07"
"democrats","הדמוקרטים","oct7-inquiry","ועדת חקירה ממלכתית ל-7 באוקטובר","האם יש להקים מיד ועדת חקירה ממלכתית לאירועי 7 באוקטובר?","1","בעד","sourced","3","platform","doc","2026-09-06","https://democrats.org.il/wp-content/uploads/2026/08/plan-8-26-he.pdf","2026-09-07"
"democrats","הדמוקרטים","religion-state","תחבורה ציבורית בשבת ונישואים אזרחיים","האם יש להפעיל תחבורה ציבורית בשבת ולהנהיג נישואים אזרחיים בישראל?","1","בעד","sourced","3","platform","doc","2026-09-06","https://democrats.org.il/wp-content/uploads/2026/08/plan-8-26-he.pdf","2026-09-07"
"democrats","הדמוקרטים","gaza-control","שליטה ביטחונית בעזה","האם צה""ל צריך להמשיך לשלוט ביטחונית ברצועת עזה גם בשנים הקרובות?","0.5","עמדה חלקית","sourced","2","platform","doc","2026-09-06","https://democrats.org.il/wp-content/uploads/2026/08/plan-8-26-he.pdf","2026-09-07"
"democrats","הדמוקרטים","lower-taxes","הורדת מסים מול שירותים לאזרח","האם צריך להוריד מסים, גם אם המשמעות היא שהמדינה תספק פחות שירותים לאזרח?","0","נגד","sourced","2","platform","doc","2026-09-07","https://democrats.org.il/wp-content/uploads/2026/08/plan-8-26-he.pdf","2026-09-07"
"democrats","הדמוקרטים","yeshiva-budgets","תקציבי הישיבות והחינוך החרדי","האם יש להגדיל את התקציבים לישיבות ולמוסדות החינוך החרדי?","0","נגד","sourced","2","platform","doc","2026-09-06","https://democrats.org.il/wp-content/uploads/2026/08/plan-8-26-he.pdf","2026-09-07"
"democrats","הדמוקרטים","nation-state-law","סעיף שוויון בחוק הלאום","האם צריך להוסיף לחוק הלאום סעיף שקובע שכל אזרחי ישראל שווים?","1","בעד","sourced","3","platform","doc","2026-09-06","https://democrats.org.il/wp-content/uploads/2026/08/plan-8-26-he.pdf","2026-09-07"
"democrats","הדמוקרטים","temple-mount","תפילת יהודים בהר הבית","האם יש לאפשר תפילת יהודים בהר הבית, גם אם המשמעות היא שינוי הסטטוס-קוו?","0","נגד","sourced","2","media","reported","2022-10-30","https://www.ynet.co.il/judaism/article/bysw00aons","2026-09-07"
"democrats","הדמוקרטים","settlements","הרחבת ההתנחלויות","האם יש להרחיב את ההתנחלויות ביהודה ושומרון?","0","נגד","sourced","2","platform","doc","2026-09-06","https://democrats.org.il/wp-content/uploads/2026/08/plan-8-26-he.pdf","2026-09-07"
"democrats","הדמוקרטים","term-limits","הגבלת כהונת ראש הממשלה","האם צריך לקבוע בחוק הגבלה על מספר השנים שראש ממשלה יכול לכהן?","1","בעד","sourced","3","platform","doc","2026-09-06","https://democrats.org.il/wp-content/uploads/2026/08/plan-8-26-he.pdf","2026-09-07"
"democrats","הדמוקרטים","benefits-for-service","התניית הטבות בשירות צבאי או אזרחי","האם יש להתנות הטבות ממשלתיות (כמו הנחות ומענקים) בשירות צבאי או אזרחי?","1","בעד","sourced","2","vote","doc","2025-10-22","https://main.knesset.gov.il/Activity/Legislation/Laws/Pages/LawBill.aspx?t=lawsuggestionssearch&lawitemid=2232134","2026-09-07"
"democrats","הדמוקרטים","housing","התערבות ממשלתית בשוק הדיור","האם על הממשלה להתערב באופן פעיל בשוק הדיור: פיקוח, סבסוד ודיור ציבורי?","1","בעד","sourced","1","platform","doc","2026-09-06","https://democrats.org.il/wp-content/uploads/2026/08/plan-8-26-he.pdf","2026-09-07"
"democrats","הדמוקרטים","lgbt-equality","שוויון זכויות לקהילה הלהט""בית","האם יש לעגן בחוק שוויון זכויות מלא לקהילת הלהט""ב, כולל הכרה בזוגיות?","1","בעד","sourced","2","platform","doc","2026-09-06","https://democrats.org.il/wp-content/uploads/2026/08/plan-8-26-he.pdf","2026-09-07"
"democrats","הדמוקרטים","saudi-normalization","ויתורים לפלסטינים תמורת שלום עם סעודיה","האם כדאי לישראל לוותר לפלסטינים, למשל להקפיא בנייה בהתנחלויות, כדי להשיג הסכם שלום עם ערב הסעודית?","1","בעד","sourced","1","platform","doc","2026-09-06","https://democrats.org.il/wp-content/uploads/2026/08/plan-8-26-he.pdf","2026-09-07"
"democrats","הדמוקרטים","universal-service","חובת שירות לכלל האזרחים","האם יש להנהיג חובת שירות, צבאי או אזרחי, לכלל אזרחי ישראל, כולל חרדים וערבים?","1","בעד","sourced","2","platform","doc","2026-09-06","https://democrats.org.il/wp-content/uploads/2026/08/plan-8-26-he.pdf","2026-09-07"
"democrats","הדמוקרטים","haredi-coalition","חרדים בקואליציה ללא חוק גיוס","האם לגיטימי לצרף את המפלגות החרדיות לקואליציה גם ללא הסכמה מראש על חוק גיוס?","0.5","עמדה חלקית","sourced","2","leader","said","2026-05-27","https://www.inn.co.il/news/697686","2026-09-07"
"democrats","הדמוקרטים","arab-coalition","מפלגות ערביות בקואליציה","האם לגיטימי לצרף מפלגות ערביות לקואליציה ולממשלה?","1","בעד","sourced","2","leader","said","2026-05-31","https://www.mako.co.il/news-israel-elections/2026/Article-a6ec78fb8ae7e91027.htm","2026-09-07"
"shas","ש""ס","palestinian-state","מדינה פלסטינית","האם יש להקים מדינה פלסטינית לצד ישראל במסגרת הסדר עתידי?","0","נגד","sourced","2","vote","doc","2024-10-30","https://main.knesset.gov.il/Activity/Legislation/Laws/Pages/LawBill.aspx?t=lawsuggestionssearch&lawitemid=2220999","2026-09-07"
"shas","ש""ס","death-penalty","עונש מוות למחבלים","האם יש לחוקק בישראל עונש מוות למחבלים?","1","בעד","sourced","4","vote","doc","2026-03-30","https://main.knesset.gov.il/Activity/Legislation/Laws/Pages/LawBill.aspx?t=lawsuggestionssearch&lawitemid=2199298","2026-09-07"
"shas","ש""ס","haredi-draft","גיוס חרדים","האם יש לחוקק חוק המחייב גיוס בחורי ישיבה חרדים, כולל סנקציות אישיות על משתמטים?","0","נגד","sourced","4","vote","doc","2026-07-13","https://main.knesset.gov.il/Activity/Legislation/Laws/Pages/LawBill.aspx?t=lawsuggestionssearch&lawitemid=2198907","2026-09-07"
"shas","ש""ס","judicial-reform","הרפורמה המשפטית והגבלת בג""ץ","האם יש להגביל את סמכויות בג""ץ ולחזק את כוחן של הכנסת והממשלה (ברוח הרפורמה המשפטית)?","1","בעד","sourced","4","vote","doc","2023-07-11","https://main.knesset.gov.il/Activity/Legislation/Laws/Pages/LawBill.aspx?t=lawsuggestionssearch&lawitemid=2207472","2026-09-07"
"shas","ש""ס","oct7-inquiry","ועדת חקירה ממלכתית ל-7 באוקטובר","האם יש להקים מיד ועדת חקירה ממלכתית לאירועי 7 באוקטובר?","0","נגד","sourced","4","vote","doc","2026-07-01","https://main.knesset.gov.il/Activity/Legislation/Laws/Pages/LawBill.aspx?t=lawsuggestionssearch&lawitemid=2236693","2026-09-07"
"shas","ש""ס","religion-state","תחבורה ציבורית בשבת ונישואים אזרחיים","האם יש להפעיל תחבורה ציבורית בשבת ולהנהיג נישואים אזרחיים בישראל?","0","נגד","sourced","4","vote","doc","2025-11-19","https://main.knesset.gov.il/Activity/Legislation/Laws/Pages/LawBill.aspx?t=lawsuggestionssearch&lawitemid=2200707","2026-09-07"
"shas","ש""ס","gaza-control","שליטה ביטחונית בעזה","האם צה""ל צריך להמשיך לשלוט ביטחונית ברצועת עזה גם בשנים הקרובות?","0.5","עמדה חלקית","sourced","1","leader","said","2025-10-10","https://www.inn.co.il/news/680540","2026-09-07"
"shas","ש""ס","lower-taxes","הורדת מסים מול שירותים לאזרח","האם צריך להוריד מסים, גם אם המשמעות היא שהמדינה תספק פחות שירותים לאזרח?","0","נגד","sourced","2","policy","doc","2021-03-08","https://www.ynet.co.il/economy/article/rkKE300fQ00","2026-09-07"
"shas","ש""ס","yeshiva-budgets","תקציבי הישיבות והחינוך החרדי","האם יש להגדיל את התקציבים לישיבות ולמוסדות החינוך החרדי?","1","בעד","sourced","1","leader","said","2025-03-06","https://www.jdn.co.il/news/2365757/","2026-09-07"
"shas","ש""ס","nation-state-law","סעיף שוויון בחוק הלאום","האם צריך להוסיף לחוק הלאום סעיף שקובע שכל אזרחי ישראל שווים?","0","נגד","sourced","2","vote","doc","2025-01-01","https://main.knesset.gov.il/Activity/Legislation/Laws/Pages/LawBill.aspx?t=lawsuggestionssearch&lawitemid=2222918","2026-09-07"
"shas","ש""ס","temple-mount","תפילת יהודים בהר הבית","האם יש לאפשר תפילת יהודים בהר הבית, גם אם המשמעות היא שינוי הסטטוס-קוו?","0","נגד","sourced","2","policy","doc","2024-08-13","https://www.inn.co.il/news/645706","2026-09-07"
"shas","ש""ס","settlements","הרחבת ההתנחלויות","האם יש להרחיב את ההתנחלויות ביהודה ושומרון?","1","בעד","sourced","2","vote","doc","2025-07-23","https://knesset.gov.il/OdataV4/ParliamentInfo/KNS_PlenumVote(44413)","2026-09-07"
"shas","ש""ס","term-limits","הגבלת כהונת ראש הממשלה","האם צריך לקבוע בחוק הגבלה על מספר השנים שראש ממשלה יכול לכהן?","0","נגד","sourced","2","vote","doc","2026-01-14","https://main.knesset.gov.il/Activity/Legislation/Laws/Pages/LawBill.aspx?t=lawsuggestionssearch&lawitemid=2203407","2026-09-07"
"shas","ש""ס","benefits-for-service","התניית הטבות בשירות צבאי או אזרחי","האם יש להתנות הטבות ממשלתיות (כמו הנחות ומענקים) בשירות צבאי או אזרחי?","0","נגד","sourced","4","vote","doc","2025-10-22","https://main.knesset.gov.il/Activity/Legislation/Laws/Pages/LawBill.aspx?t=lawsuggestionssearch&lawitemid=2232134","2026-09-07"
"shas","ש""ס","housing","התערבות ממשלתית בשוק הדיור","האם על הממשלה להתערב באופן פעיל בשוק הדיור: פיקוח, סבסוד ודיור ציבורי?","1","בעד","sourced","2","policy","doc","2022-10-18","https://www.nadlancenter.co.il/article/6528","2026-09-07"
"shas","ש""ס","lgbt-equality","שוויון זכויות לקהילה הלהט""בית","האם יש לעגן בחוק שוויון זכויות מלא לקהילת הלהט""ב, כולל הכרה בזוגיות?","0","נגד","sourced","1","mk","said","2023-07-27","https://www.maariv.co.il/news/israel/article-1025737","2026-09-07"
"shas","ש""ס","saudi-normalization","ויתורים לפלסטינים תמורת שלום עם סעודיה","האם כדאי לישראל לוותר לפלסטינים, למשל להקפיא בנייה בהתנחלויות, כדי להשיג הסכם שלום עם ערב הסעודית?","0.5","עמדה חלקית","documented_silence","0","","","","",""
"shas","ש""ס","universal-service","חובת שירות לכלל האזרחים","האם יש להנהיג חובת שירות, צבאי או אזרחי, לכלל אזרחי ישראל, כולל חרדים וערבים?","0.5","עמדה חלקית","sourced","1","leader","said","2026-06-07","https://www.inn.co.il/news/698485","2026-09-07"
"shas","ש""ס","haredi-coalition","חרדים בקואליציה ללא חוק גיוס","האם לגיטימי לצרף את המפלגות החרדיות לקואליציה גם ללא הסכמה מראש על חוק גיוס?","0.5","עמדה חלקית","sourced","2","leader","said","2026-05-14","https://www.kikar.co.il/haredim-news/tf0dsx","2026-09-07"
"shas","ש""ס","arab-coalition","מפלגות ערביות בקואליציה","האם לגיטימי לצרף מפלגות ערביות לקואליציה ולממשלה?","0","נגד","sourced","1","media","reported","2026-07-07","https://www.inn.co.il/news/700908","2026-09-07"
"utj","יהדות התורה","palestinian-state","מדינה פלסטינית","האם יש להקים מדינה פלסטינית לצד ישראל במסגרת הסדר עתידי?","0","נגד","sourced","2","vote","doc","2024-10-30","https://main.knesset.gov.il/Activity/Legislation/Laws/Pages/LawBill.aspx?t=lawsuggestionssearch&lawitemid=2220999","2026-09-07"
"utj","יהדות התורה","death-penalty","עונש מוות למחבלים","האם יש לחוקק בישראל עונש מוות למחבלים?","0","נגד","sourced","3","vote","doc","2026-03-30","https://main.knesset.gov.il/Activity/Legislation/Laws/Pages/LawBill.aspx?t=lawsuggestionssearch&lawitemid=2199298","2026-09-07"
"utj","יהדות התורה","haredi-draft","גיוס חרדים","האם יש לחוקק חוק המחייב גיוס בחורי ישיבה חרדים, כולל סנקציות אישיות על משתמטים?","0","נגד","sourced","4","vote","doc","2026-07-13","https://main.knesset.gov.il/Activity/Legislation/Laws/Pages/LawBill.aspx?t=lawsuggestionssearch&lawitemid=2198907","2026-09-07"
"utj","יהדות התורה","judicial-reform","הרפורמה המשפטית והגבלת בג""ץ","האם יש להגביל את סמכויות בג""ץ ולחזק את כוחן של הכנסת והממשלה (ברוח הרפורמה המשפטית)?","1","בעד","sourced","4","vote","doc","2023-07-11","https://main.knesset.gov.il/Activity/Legislation/Laws/Pages/LawBill.aspx?t=lawsuggestionssearch&lawitemid=2207472","2026-09-07"
"utj","יהדות התורה","oct7-inquiry","ועדת חקירה ממלכתית ל-7 באוקטובר","האם יש להקים מיד ועדת חקירה ממלכתית לאירועי 7 באוקטובר?","0","נגד","sourced","3","vote","doc","2026-07-01","https://main.knesset.gov.il/Activity/Legislation/Laws/Pages/LawBill.aspx?t=lawsuggestionssearch&lawitemid=2236693","2026-09-07"
"utj","יהדות התורה","religion-state","תחבורה ציבורית בשבת ונישואים אזרחיים","האם יש להפעיל תחבורה ציבורית בשבת ולהנהיג נישואים אזרחיים בישראל?","0","נגד","sourced","4","vote","doc","2025-11-19","https://main.knesset.gov.il/Activity/Legislation/Laws/Pages/LawBill.aspx?t=lawsuggestionssearch&lawitemid=2200707","2026-09-07"
"utj","יהדות התורה","gaza-control","שליטה ביטחונית בעזה","האם צה""ל צריך להמשיך לשלוט ביטחונית ברצועת עזה גם בשנים הקרובות?","0.5","עמדה חלקית","sourced","2","leader","said","2024-05-23","https://www.jdn.co.il/video/2204772/","2026-09-07"
"utj","יהדות התורה","lower-taxes","הורדת מסים מול שירותים לאזרח","האם צריך להוריד מסים, גם אם המשמעות היא שהמדינה תספק פחות שירותים לאזרח?","0","נגד","sourced","1","leader","said","2022-10-25","https://www.jdn.co.il/news/1846024/","2026-09-07"
"utj","יהדות התורה","yeshiva-budgets","תקציבי הישיבות והחינוך החרדי","האם יש להגדיל את התקציבים לישיבות ולמוסדות החינוך החרדי?","1","בעד","sourced","2","leader","said","2026-04-14","https://www.kikar.co.il/haredim-news/gafni-finance-committee-haredi-education-budget","2026-09-07"
"utj","יהדות התורה","nation-state-law","סעיף שוויון בחוק הלאום","האם צריך להוסיף לחוק הלאום סעיף שקובע שכל אזרחי ישראל שווים?","0","נגד","sourced","2","vote","doc","2025-01-01","https://main.knesset.gov.il/Activity/Legislation/Laws/Pages/LawBill.aspx?t=lawsuggestionssearch&lawitemid=2222918","2026-09-07"
"utj","יהדות התורה","temple-mount","תפילת יהודים בהר הבית","האם יש לאפשר תפילת יהודים בהר הבית, גם אם המשמעות היא שינוי הסטטוס-קוו?","0","נגד","sourced","2","leader","said","2025-04-02","https://www.maariv.co.il/news/politics/article-1185155","2026-09-07"
"utj","יהדות התורה","settlements","הרחבת ההתנחלויות","האם יש להרחיב את ההתנחלויות ביהודה ושומרון?","1","בעד","sourced","2","vote","doc","2025-07-23","https://knesset.gov.il/OdataV4/ParliamentInfo/KNS_PlenumVote(44413)","2026-09-07"
"utj","יהדות התורה","term-limits","הגבלת כהונת ראש הממשלה","האם צריך לקבוע בחוק הגבלה על מספר השנים שראש ממשלה יכול לכהן?","0","נגד","sourced","2","vote","doc","2026-01-14","https://main.knesset.gov.il/Activity/Legislation/Laws/Pages/LawBill.aspx?t=lawsuggestionssearch&lawitemid=2203407","2026-09-07"
"utj","יהדות התורה","benefits-for-service","התניית הטבות בשירות צבאי או אזרחי","האם יש להתנות הטבות ממשלתיות (כמו הנחות ומענקים) בשירות צבאי או אזרחי?","0","נגד","sourced","3","vote","doc","2025-10-22","https://main.knesset.gov.il/Activity/Legislation/Laws/Pages/LawBill.aspx?t=lawsuggestionssearch&lawitemid=2232134","2026-09-07"
"utj","יהדות התורה","housing","התערבות ממשלתית בשוק הדיור","האם על הממשלה להתערב באופן פעיל בשוק הדיור: פיקוח, סבסוד ודיור ציבורי?","1","בעד","sourced","2","leader","said","2026-02-18","https://www.mako.co.il/news-politics/2026_q1/Article-fbf200f3fd17c91026.htm","2026-09-07"
"utj","יהדות התורה","lgbt-equality","שוויון זכויות לקהילה הלהט""בית","האם יש לעגן בחוק שוויון זכויות מלא לקהילת הלהט""ב, כולל הכרה בזוגיות?","0","נגד","sourced","1","mk","said","2023-06-20","https://www.maariv.co.il/news/israel/article-1016629","2026-09-07"
"utj","יהדות התורה","saudi-normalization","ויתורים לפלסטינים תמורת שלום עם סעודיה","האם כדאי לישראל לוותר לפלסטינים, למשל להקפיא בנייה בהתנחלויות, כדי להשיג הסכם שלום עם ערב הסעודית?","0.5","עמדה חלקית","documented_silence","0","","","","",""
"utj","יהדות התורה","universal-service","חובת שירות לכלל האזרחים","האם יש להנהיג חובת שירות, צבאי או אזרחי, לכלל אזרחי ישראל, כולל חרדים וערבים?","0","נגד","sourced","1","mk","said","2026-05-13","https://www.c14.co.il/article/1555510","2026-09-07"
"utj","יהדות התורה","haredi-coalition","חרדים בקואליציה ללא חוק גיוס","האם לגיטימי לצרף את המפלגות החרדיות לקואליציה גם ללא הסכמה מראש על חוק גיוס?","0.5","עמדה חלקית","sourced","1","leader","said","2026-08-02","https://www.bhol.co.il/news/1734969","2026-09-07"
"utj","יהדות התורה","arab-coalition","מפלגות ערביות בקואליציה","האם לגיטימי לצרף מפלגות ערביות לקואליציה ולממשלה?","0.5","עמדה חלקית","sourced","1","leader","said","2022-10-27","https://www.srugim.co.il/723740-%D7%92%D7%9D-%D7%92%D7%A4%D7%A0%D7%99-%D7%9E%D7%90%D7%A9%D7%A8-%D7%A0%D7%AA%D7%A0%D7%99%D7%94%D7%95-%D7%A8%D7%A6%D7%94-%D7%A7%D7%95%D7%90%D7%9C%D7%99%D7%A6%D7%99%D7%94-%D7%A2%D7%9D-%D7%A8%D7%A2%D7%B4","2026-09-07"
"rz","הציונות הדתית","palestinian-state","מדינה פלסטינית","האם יש להקים מדינה פלסטינית לצד ישראל במסגרת הסדר עתידי?","0","נגד","sourced","3","platform","doc","2026-09-06","https://zionutdatit.org.il/wp-content/uploads/2022/10/Settlement-and-Sovereignty.pdf","2026-09-07"
"rz","הציונות הדתית","death-penalty","עונש מוות למחבלים","האם יש לחוקק בישראל עונש מוות למחבלים?","1","בעד","sourced","5","platform","doc","2026-09-06","https://zionutdatit.org.il/wp-content/uploads/2022/10/The-War-Against-Terror-1.pdf","2026-09-07"
"rz","הציונות הדתית","haredi-draft","גיוס חרדים","האם יש לחוקק חוק המחייב גיוס בחורי ישיבה חרדים, כולל סנקציות אישיות על משתמטים?","0","נגד","sourced","4","vote","doc","2026-07-13","https://main.knesset.gov.il/Activity/Legislation/Laws/Pages/LawBill.aspx?t=lawsuggestionssearch&lawitemid=2198907","2026-09-07"
"rz","הציונות הדתית","judicial-reform","הרפורמה המשפטית והגבלת בג""ץ","האם יש להגביל את סמכויות בג""ץ ולחזק את כוחן של הכנסת והממשלה (ברוח הרפורמה המשפטית)?","1","בעד","sourced","3","platform","doc","2026-09-06","https://zionutdatit.org.il/wp-content/uploads/2022/10/Judicial-Reform.pdf","2026-09-07"
"rz","הציונות הדתית","oct7-inquiry","ועדת חקירה ממלכתית ל-7 באוקטובר","האם יש להקים מיד ועדת חקירה ממלכתית לאירועי 7 באוקטובר?","0","נגד","sourced","3","vote","doc","2026-07-01","https://main.knesset.gov.il/Activity/Legislation/Laws/Pages/LawBill.aspx?t=lawsuggestionssearch&lawitemid=2236693","2026-09-07"
"rz","הציונות הדתית","religion-state","תחבורה ציבורית בשבת ונישואים אזרחיים","האם יש להפעיל תחבורה ציבורית בשבת ולהנהיג נישואים אזרחיים בישראל?","0","נגד","sourced","4","vote","doc","2025-11-19","https://main.knesset.gov.il/Activity/Legislation/Laws/Pages/LawBill.aspx?t=lawsuggestionssearch&lawitemid=2200707","2026-09-07"
"rz","הציונות הדתית","gaza-control","שליטה ביטחונית בעזה","האם צה""ל צריך להמשיך לשלוט ביטחונית ברצועת עזה גם בשנים הקרובות?","1","בעד","sourced","2","leader","said","2026-06-29","https://www.israelhayom.co.il/news/politics/article/20872142","2026-09-07"
"rz","הציונות הדתית","lower-taxes","הורדת מסים מול שירותים לאזרח","האם צריך להוריד מסים, גם אם המשמעות היא שהמדינה תספק פחות שירותים לאזרח?","1","בעד","sourced","2","platform","doc","2026-09-06","https://zionutdatit.org.il/wp-content/uploads/2022/10/Economy-1.pdf","2026-09-07"
"rz","הציונות הדתית","yeshiva-budgets","תקציבי הישיבות והחינוך החרדי","האם יש להגדיל את התקציבים לישיבות ולמוסדות החינוך החרדי?","0.5","עמדה חלקית","sourced","2","media","reported","2026-07-07","https://www.ynet.co.il/judaism/article/yokra14826273","2026-09-07"
"rz","הציונות הדתית","nation-state-law","סעיף שוויון בחוק הלאום","האם צריך להוסיף לחוק הלאום סעיף שקובע שכל אזרחי ישראל שווים?","0","נגד","sourced","3","vote","doc","2025-01-01","https://main.knesset.gov.il/Activity/Legislation/Laws/Pages/LawBill.aspx?t=lawsuggestionssearch&lawitemid=2222918","2026-09-07"
"rz","הציונות הדתית","temple-mount","תפילת יהודים בהר הבית","האם יש לאפשר תפילת יהודים בהר הבית, גם אם המשמעות היא שינוי הסטטוס-קוו?","1","בעד","sourced","2","policy","doc","2022-10-30","https://www.ynet.co.il/judaism/article/bysw00aons","2026-09-07"
"rz","הציונות הדתית","settlements","הרחבת ההתנחלויות","האם יש להרחיב את ההתנחלויות ביהודה ושומרון?","1","בעד","sourced","5","platform","doc","2026-09-06","https://zionutdatit.org.il/wp-content/uploads/2022/10/Settlement-and-Sovereignty.pdf","2026-09-07"
"rz","הציונות הדתית","term-limits","הגבלת כהונת ראש הממשלה","האם צריך לקבוע בחוק הגבלה על מספר השנים שראש ממשלה יכול לכהן?","0","נגד","sourced","2","vote","doc","2026-01-14","https://main.knesset.gov.il/Activity/Legislation/Laws/Pages/LawBill.aspx?t=lawsuggestionssearch&lawitemid=2203407","2026-09-07"
"rz","הציונות הדתית","benefits-for-service","התניית הטבות בשירות צבאי או אזרחי","האם יש להתנות הטבות ממשלתיות (כמו הנחות ומענקים) בשירות צבאי או אזרחי?","0","נגד","sourced","3","vote","doc","2025-10-22","https://main.knesset.gov.il/Activity/Legislation/Laws/Pages/LawBill.aspx?t=lawsuggestionssearch&lawitemid=2232134","2026-09-07"
"rz","הציונות הדתית","housing","התערבות ממשלתית בשוק הדיור","האם על הממשלה להתערב באופן פעיל בשוק הדיור: פיקוח, סבסוד ודיור ציבורי?","0.5","עמדה חלקית","sourced","2","media","reported","2025-04-24","https://www.israelhayom.co.il/news/politics/article/17813912","2026-09-07"
"rz","הציונות הדתית","lgbt-equality","שוויון זכויות לקהילה הלהט""בית","האם יש לעגן בחוק שוויון זכויות מלא לקהילת הלהט""ב, כולל הכרה בזוגיות?","0","נגד","sourced","1","leader","said","2021-07-11","https://www.srugim.co.il/579493-%D7%A1%D7%9E%D7%95%D7%98%D7%A8%D7%99%D7%A5-%D7%A2%D7%9C-%D7%91%D7%92%D7%A5-%D7%94%D7%A4%D7%95%D7%A0%D7%93%D7%A7%D7%90%D7%95%D7%AA-%D7%9B%D7%A8%D7%A1%D7%95%D7%9D-%D7%91%D7%99%D7%94%D7%93%D7%95","2026-09-07"
"rz","הציונות הדתית","saudi-normalization","ויתורים לפלסטינים תמורת שלום עם סעודיה","האם כדאי לישראל לוותר לפלסטינים, למשל להקפיא בנייה בהתנחלויות, כדי להשיג הסכם שלום עם ערב הסעודית?","0","נגד","sourced","1","leader","said","2025-10-23","https://www.maariv.co.il/news/politics/article-1244303","2026-09-07"
"rz","הציונות הדתית","universal-service","חובת שירות לכלל האזרחים","האם יש להנהיג חובת שירות, צבאי או אזרחי, לכלל אזרחי ישראל, כולל חרדים וערבים?","0.5","עמדה חלקית","sourced","2","policy","doc","2022-10-30","https://www.ynet.co.il/judaism/article/h1yc5lh4i","2026-09-07"
"rz","הציונות הדתית","haredi-coalition","חרדים בקואליציה ללא חוק גיוס","האם לגיטימי לצרף את המפלגות החרדיות לקואליציה גם ללא הסכמה מראש על חוק גיוס?","1","בעד","sourced","1","leader","said","2024-11-01","https://www.makorrishon.co.il/news/article/300850","2026-09-07"
"rz","הציונות הדתית","arab-coalition","מפלגות ערביות בקואליציה","האם לגיטימי לצרף מפלגות ערביות לקואליציה ולממשלה?","0","נגד","sourced","1","leader","said","2026-05-05","https://www.mako.co.il/news-politics/2026_q2/Article-05d42390056fd91026.htm","2026-09-07"
"otzma","עוצמה יהודית","palestinian-state","מדינה פלסטינית","האם יש להקים מדינה פלסטינית לצד ישראל במסגרת הסדר עתידי?","0","נגד","sourced","3","policy","doc","2025-03-09","https://ozma-yeudit.co.il/%d7%91%d7%9f-%d7%92%d7%91%d7%99%d7%a8-%d7%95%d7%a2%d7%95%d7%a6%d7%9e%d7%94-%d7%99%d7%94%d7%95%d7%93%d7%99%d7%aa-%d7%9e%d7%a7%d7%93%d7%9e%d7%99%d7%9d-%d7%91%d7%9b%d7%a0%d7%a1%d7%aa-%d7%91%d7%99%d7%98/","2026-09-07"
"otzma","עוצמה יהודית","death-penalty","עונש מוות למחבלים","האם יש לחוקק בישראל עונש מוות למחבלים?","1","בעד","sourced","5","policy","doc","2025-12-18","https://ozma-yeudit.co.il/%d7%a2%d7%99%d7%a7%d7%a8%d7%99-%d7%98%d7%99%d7%95%d7%98%d7%aa-%d7%94%d7%a6%d7%a2%d7%aa-%d7%97%d7%95%d7%a7-%d7%a2%d7%95%d7%a0%d7%a9-%d7%9e%d7%95%d7%95%d7%aa-%d7%9c%d7%9e%d7%97%d7%91%d7%9c%d7%99%d7%9d/","2026-09-07"
"otzma","עוצמה יהודית","haredi-draft","גיוס חרדים","האם יש לחוקק חוק המחייב גיוס בחורי ישיבה חרדים, כולל סנקציות אישיות על משתמטים?","0","נגד","sourced","4","vote","doc","2026-07-13","https://main.knesset.gov.il/Activity/Legislation/Laws/Pages/LawBill.aspx?t=lawsuggestionssearch&lawitemid=2198907","2026-09-07"
"otzma","עוצמה יהודית","judicial-reform","הרפורמה המשפטית והגבלת בג""ץ","האם יש להגביל את סמכויות בג""ץ ולחזק את כוחן של הכנסת והממשלה (ברוח הרפורמה המשפטית)?","1","בעד","sourced","4","vote","doc","2023-07-11","https://main.knesset.gov.il/Activity/Legislation/Laws/Pages/LawBill.aspx?t=lawsuggestionssearch&lawitemid=2207472","2026-09-07"
"otzma","עוצמה יהודית","oct7-inquiry","ועדת חקירה ממלכתית ל-7 באוקטובר","האם יש להקים מיד ועדת חקירה ממלכתית לאירועי 7 באוקטובר?","0","נגד","sourced","3","vote","doc","2026-07-01","https://main.knesset.gov.il/Activity/Legislation/Laws/Pages/LawBill.aspx?t=lawsuggestionssearch&lawitemid=2236693","2026-09-07"
"otzma","עוצמה יהודית","religion-state","תחבורה ציבורית בשבת ונישואים אזרחיים","האם יש להפעיל תחבורה ציבורית בשבת ולהנהיג נישואים אזרחיים בישראל?","0","נגד","sourced","2","vote","doc","2025-11-19","https://main.knesset.gov.il/Activity/Legislation/Laws/Pages/LawBill.aspx?t=lawsuggestionssearch&lawitemid=2200707","2026-09-07"
"otzma","עוצמה יהודית","gaza-control","שליטה ביטחונית בעזה","האם צה""ל צריך להמשיך לשלוט ביטחונית ברצועת עזה גם בשנים הקרובות?","1","בעד","sourced","2","leader","said","2024-12-19","https://ozma-yeudit.co.il/%d7%99%d7%95%d7%b4%d7%a8-%d7%a2%d7%95%d7%a6%d7%9e%d7%94-%d7%99%d7%94%d7%95%d7%93%d7%99%d7%aa-%d7%94%d7%a9%d7%a8-%d7%9c%d7%91%d7%99%d7%98%d7%97%d7%95%d7%9f-%d7%9c%d7%90%d7%95%d7%9e%d7%99-%d7%90%d7%99/","2026-09-07"
"otzma","עוצמה יהודית","lower-taxes","הורדת מסים מול שירותים לאזרח","האם צריך להוריד מסים, גם אם המשמעות היא שהמדינה תספק פחות שירותים לאזרח?","0.5","עמדה חלקית","documented_silence","0","","","","",""
"otzma","עוצמה יהודית","yeshiva-budgets","תקציבי הישיבות והחינוך החרדי","האם יש להגדיל את התקציבים לישיבות ולמוסדות החינוך החרדי?","0.5","עמדה חלקית","sourced","1","leader","said","2021-11-01","https://ozma-yeudit.co.il/%d7%97%d7%9b-%d7%91%d7%9f-%d7%92%d7%91%d7%99%d7%a8-%d7%92%d7%9d-%d7%9c%d7%97%d7%a8%d7%93%d7%99%d7%9d-%d7%99%d7%a9-%d7%96%d7%9b%d7%95%d7%99%d7%95%d7%aa-%d7%95%d7%9c%d7%90-%d7%a8%d7%a7-%d7%9c%d7%97/","2026-09-07"
"otzma","עוצמה יהודית","nation-state-law","סעיף שוויון בחוק הלאום","האם צריך להוסיף לחוק הלאום סעיף שקובע שכל אזרחי ישראל שווים?","0","נגד","sourced","2","vote","doc","2025-01-01","https://main.knesset.gov.il/Activity/Legislation/Laws/Pages/LawBill.aspx?t=lawsuggestionssearch&lawitemid=2222918","2026-09-07"
"otzma","עוצמה יהודית","temple-mount","תפילת יהודים בהר הבית","האם יש לאפשר תפילת יהודים בהר הבית, גם אם המשמעות היא שינוי הסטטוס-קוו?","1","בעד","sourced","2","leader","said","2026-07-23","https://ozma-yeudit.co.il/%d7%99%d7%95%d7%b4%d7%a8-%d7%a2%d7%95%d7%a6%d7%9e%d7%94-%d7%99%d7%94%d7%95%d7%93%d7%99%d7%aa-%d7%95%d7%94%d7%a9%d7%a8-%d7%9c%d7%91%d7%99%d7%98%d7%97%d7%95%d7%9f-%d7%9c%d7%90%d7%95%d7%9e%d7%99-%d7%90/","2026-09-07"
"otzma","עוצמה יהודית","settlements","הרחבת ההתנחלויות","האם יש להרחיב את ההתנחלויות ביהודה ושומרון?","1","בעד","sourced","5","platform","doc","2021-08-02","https://ozma-yeudit.co.il/%d7%9e%d7%99-%d7%90%d7%a0%d7%97%d7%a0%d7%95/","2026-09-07"
"otzma","עוצמה יהודית","term-limits","הגבלת כהונת ראש הממשלה","האם צריך לקבוע בחוק הגבלה על מספר השנים שראש ממשלה יכול לכהן?","0","נגד","sourced","2","vote","doc","2026-01-14","https://main.knesset.gov.il/Activity/Legislation/Laws/Pages/LawBill.aspx?t=lawsuggestionssearch&lawitemid=2203407","2026-09-07"
"otzma","עוצמה יהודית","benefits-for-service","התניית הטבות בשירות צבאי או אזרחי","האם יש להתנות הטבות ממשלתיות (כמו הנחות ומענקים) בשירות צבאי או אזרחי?","0","נגד","sourced","3","vote","doc","2025-10-22","https://main.knesset.gov.il/Activity/Legislation/Laws/Pages/LawBill.aspx?t=lawsuggestionssearch&lawitemid=2232134","2026-09-07"
"otzma","עוצמה יהודית","housing","התערבות ממשלתית בשוק הדיור","האם על הממשלה להתערב באופן פעיל בשוק הדיור: פיקוח, סבסוד ודיור ציבורי?","0.5","עמדה חלקית","sourced","1","leader","said","2022-08-24","https://ozma-yeudit.co.il/%d7%97%d7%9b-%d7%91%d7%9f-%d7%92%d7%91%d7%99%d7%a8-%d7%91%d7%97%d7%95%d7%92-%d7%91%d7%99%d7%aa-%d7%91%d7%92%d7%9f-%d7%99%d7%91%d7%a0%d7%94-%d7%9b%d7%a9%d7%9e%d7%a2%d7%9c%d7%99%d7%9d-%d7%9e/","2026-09-07"
"otzma","עוצמה יהודית","lgbt-equality","שוויון זכויות לקהילה הלהט""בית","האם יש לעגן בחוק שוויון זכויות מלא לקהילת הלהט""ב, כולל הכרה בזוגיות?","0","נגד","sourced","1","leader","said","2022-09-07","https://www.inn.co.il/news/576700","2026-09-07"
"otzma","עוצמה יהודית","saudi-normalization","ויתורים לפלסטינים תמורת שלום עם סעודיה","האם כדאי לישראל לוותר לפלסטינים, למשל להקפיא בנייה בהתנחלויות, כדי להשיג הסכם שלום עם ערב הסעודית?","0","נגד","sourced","2","policy","doc","2023-09-22","https://www.ynet.co.il/news/article/syb3leskp","2026-09-07"
"otzma","עוצמה יהודית","universal-service","חובת שירות לכלל האזרחים","האם יש להנהיג חובת שירות, צבאי או אזרחי, לכלל אזרחי ישראל, כולל חרדים וערבים?","0.5","עמדה חלקית","sourced","1","media","reported","2026-04-26","https://www.jdn.co.il/news/2636985/","2026-09-07"
"otzma","עוצמה יהודית","haredi-coalition","חרדים בקואליציה ללא חוק גיוס","האם לגיטימי לצרף את המפלגות החרדיות לקואליציה גם ללא הסכמה מראש על חוק גיוס?","0.5","עמדה חלקית","documented_silence","0","","","","",""
"otzma","עוצמה יהודית","arab-coalition","מפלגות ערביות בקואליציה","האם לגיטימי לצרף מפלגות ערביות לקואליציה ולממשלה?","0","נגד","sourced","2","leader","said","2026-08-16","https://ozma-yeudit.co.il/%d7%99%d7%a8%d7%99%d7%99%d7%aa-%d7%94%d7%a4%d7%aa%d7%99%d7%97%d7%94-%d7%a9%d7%9c-%d7%a2%d7%95%d7%a6%d7%9e%d7%94-%d7%99%d7%94%d7%95%d7%93%d7%99%d7%aa-%d7%9e%d7%90%d7%95%d7%aa-%d7%aa%d7%95%d7%9e%d7%9b/","2026-09-07"
"amcha","עמך ישראל","palestinian-state","מדינה פלסטינית","האם יש להקים מדינה פלסטינית לצד ישראל במסגרת הסדר עתידי?","0","נגד","sourced","2","leader","said","2026-08-25","https://www.mako.co.il/news-israel-elections/2026_q3/Article-6a69100062930a1026.htm","2026-09-07"
"amcha","עמך ישראל","death-penalty","עונש מוות למחבלים","האם יש לחוקק בישראל עונש מוות למחבלים?","0.5","עמדה חלקית","documented_silence","0","","","","",""
"amcha","עמך ישראל","haredi-draft","גיוס חרדים","האם יש לחוקק חוק המחייב גיוס בחורי ישיבה חרדים, כולל סנקציות אישיות על משתמטים?","0.5","עמדה חלקית","sourced","2","leader","said","2026-09-03","https://www.bhol.co.il/news/1738175","2026-09-07"
"amcha","עמך ישראל","judicial-reform","הרפורמה המשפטית והגבלת בג""ץ","האם יש להגביל את סמכויות בג""ץ ולחזק את כוחן של הכנסת והממשלה (ברוח הרפורמה המשפטית)?","0.5","עמדה חלקית","sourced","2","leader","said","2026-01-28","https://www.srugim.co.il/1294206-%D7%95%D7%99%D7%A0%D7%98%D7%A8-%D7%A2%D7%9C-%D7%97%D7%91%D7%99%D7%A8%D7%94-%D7%9C%D7%91%D7%A0%D7%98-%D7%94%D7%92%D7%99%D7%A2-%D7%94%D7%96%D7%9E%D7%9F-%D7%9C%D7%94%D7%A8%D7%95%D7%92-%D7%90%D7%AA","2026-09-07"
"amcha","עמך ישראל","oct7-inquiry","ועדת חקירה ממלכתית ל-7 באוקטובר","האם יש להקים מיד ועדת חקירה ממלכתית לאירועי 7 באוקטובר?","0.5","עמדה חלקית","sourced","2","leader","said","2026-09-03","https://www.bhol.co.il/news/1738175","2026-09-07"
"amcha","עמך ישראל","religion-state","תחבורה ציבורית בשבת ונישואים אזרחיים","האם יש להפעיל תחבורה ציבורית בשבת ולהנהיג נישואים אזרחיים בישראל?","0.5","עמדה חלקית","documented_silence","0","","","","",""
"amcha","עמך ישראל","gaza-control","שליטה ביטחונית בעזה","האם צה""ל צריך להמשיך לשלוט ביטחונית ברצועת עזה גם בשנים הקרובות?","1","בעד","sourced","2","leader","said","2026-08-25","https://www.mako.co.il/news-israel-elections/2026_q3/Article-6a69100062930a1026.htm","2026-09-07"
"amcha","עמך ישראל","lower-taxes","הורדת מסים מול שירותים לאזרח","האם צריך להוריד מסים, גם אם המשמעות היא שהמדינה תספק פחות שירותים לאזרח?","0.5","עמדה חלקית","documented_silence","0","","","","",""
"amcha","עמך ישראל","yeshiva-budgets","תקציבי הישיבות והחינוך החרדי","האם יש להגדיל את התקציבים לישיבות ולמוסדות החינוך החרדי?","0.5","עמדה חלקית","sourced","2","leader","said","2026-09-03","https://www.bhol.co.il/news/1738175","2026-09-07"
"amcha","עמך ישראל","nation-state-law","סעיף שוויון בחוק הלאום","האם צריך להוסיף לחוק הלאום סעיף שקובע שכל אזרחי ישראל שווים?","0.5","עמדה חלקית","documented_silence","0","","","","",""
"amcha","עמך ישראל","temple-mount","תפילת יהודים בהר הבית","האם יש לאפשר תפילת יהודים בהר הבית, גם אם המשמעות היא שינוי הסטטוס-קוו?","0.5","עמדה חלקית","documented_silence","0","","","","",""
"amcha","עמך ישראל","settlements","הרחבת ההתנחלויות","האם יש להרחיב את ההתנחלויות ביהודה ושומרון?","1","בעד","sourced","2","platform","doc","2026-09-07","https://amchaisrael.co.il/team","2026-09-07"
"amcha","עמך ישראל","term-limits","הגבלת כהונת ראש הממשלה","האם צריך לקבוע בחוק הגבלה על מספר השנים שראש ממשלה יכול לכהן?","0.5","עמדה חלקית","documented_silence","0","","","","",""
"amcha","עמך ישראל","benefits-for-service","התניית הטבות בשירות צבאי או אזרחי","האם יש להתנות הטבות ממשלתיות (כמו הנחות ומענקים) בשירות צבאי או אזרחי?","1","בעד","sourced","2","leader","said","2026-09-02","https://www.kikar.co.il/israel-news/winter-party-haredi-draft-coalition-demands","2026-09-07"
"amcha","עמך ישראל","housing","התערבות ממשלתית בשוק הדיור","האם על הממשלה להתערב באופן פעיל בשוק הדיור: פיקוח, סבסוד ודיור ציבורי?","0.5","עמדה חלקית","documented_silence","0","","","","",""
"amcha","עמך ישראל","lgbt-equality","שוויון זכויות לקהילה הלהט""בית","האם יש לעגן בחוק שוויון זכויות מלא לקהילת הלהט""ב, כולל הכרה בזוגיות?","0.5","עמדה חלקית","documented_silence","0","","","","",""
"amcha","עמך ישראל","saudi-normalization","ויתורים לפלסטינים תמורת שלום עם סעודיה","האם כדאי לישראל לוותר לפלסטינים, למשל להקפיא בנייה בהתנחלויות, כדי להשיג הסכם שלום עם ערב הסעודית?","0.5","עמדה חלקית","documented_silence","0","","","","",""
"amcha","עמך ישראל","universal-service","חובת שירות לכלל האזרחים","האם יש להנהיג חובת שירות, צבאי או אזרחי, לכלל אזרחי ישראל, כולל חרדים וערבים?","1","בעד","sourced","2","leader","said","2026-09-02","https://www.kikar.co.il/israel-news/winter-party-haredi-draft-coalition-demands","2026-09-07"
"amcha","עמך ישראל","haredi-coalition","חרדים בקואליציה ללא חוק גיוס","האם לגיטימי לצרף את המפלגות החרדיות לקואליציה גם ללא הסכמה מראש על חוק גיוס?","0","נגד","sourced","2","leader","said","2026-09-02","https://www.kikar.co.il/israel-news/winter-party-haredi-draft-coalition-demands","2026-09-07"
"amcha","עמך ישראל","arab-coalition","מפלגות ערביות בקואליציה","האם לגיטימי לצרף מפלגות ערביות לקואליציה ולממשלה?","0","נגד","sourced","2","leader","said","2026-09-02","https://www.kikar.co.il/israel-news/winter-party-haredi-draft-coalition-demands","2026-09-07"
"beytenu","ישראל ביתנו","palestinian-state","מדינה פלסטינית","האם יש להקים מדינה פלסטינית לצד ישראל במסגרת הסדר עתידי?","0.5","עמדה חלקית","sourced","3","platform","doc","2024-08-14","https://beytenu.org.il/party-platform/","2026-09-07"
"beytenu","ישראל ביתנו","death-penalty","עונש מוות למחבלים","האם יש לחוקק בישראל עונש מוות למחבלים?","1","בעד","sourced","5","vote","doc","2026-03-30","https://main.knesset.gov.il/Activity/Legislation/Laws/Pages/LawBill.aspx?t=lawsuggestionssearch&lawitemid=2199298","2026-09-07"
"beytenu","ישראל ביתנו","haredi-draft","גיוס חרדים","האם יש לחוקק חוק המחייב גיוס בחורי ישיבה חרדים, כולל סנקציות אישיות על משתמטים?","1","בעד","sourced","2","platform","doc","2024-08-14","https://beytenu.org.il/party-platform/","2026-09-07"
"beytenu","ישראל ביתנו","judicial-reform","הרפורמה המשפטית והגבלת בג""ץ","האם יש להגביל את סמכויות בג""ץ ולחזק את כוחן של הכנסת והממשלה (ברוח הרפורמה המשפטית)?","0","נגד","sourced","2","vote","doc","2023-07-11","https://main.knesset.gov.il/Activity/Legislation/Laws/Pages/LawBill.aspx?t=lawsuggestionssearch&lawitemid=2207472","2026-09-07"
"beytenu","ישראל ביתנו","oct7-inquiry","ועדת חקירה ממלכתית ל-7 באוקטובר","האם יש להקים מיד ועדת חקירה ממלכתית לאירועי 7 באוקטובר?","1","בעד","sourced","4","platform","doc","2024-08-14","https://beytenu.org.il/party-platform/","2026-09-07"
"beytenu","ישראל ביתנו","religion-state","תחבורה ציבורית בשבת ונישואים אזרחיים","האם יש להפעיל תחבורה ציבורית בשבת ולהנהיג נישואים אזרחיים בישראל?","1","בעד","sourced","4","platform","doc","2024-08-14","https://beytenu.org.il/party-platform/","2026-09-07"
"beytenu","ישראל ביתנו","gaza-control","שליטה ביטחונית בעזה","האם צה""ל צריך להמשיך לשלוט ביטחונית ברצועת עזה גם בשנים הקרובות?","0.5","עמדה חלקית","sourced","2","platform","doc","2024-08-14","https://beytenu.org.il/party-platform/","2026-09-07"
"beytenu","ישראל ביתנו","lower-taxes","הורדת מסים מול שירותים לאזרח","האם צריך להוריד מסים, גם אם המשמעות היא שהמדינה תספק פחות שירותים לאזרח?","1","בעד","sourced","2","platform","doc","2024-08-14","https://beytenu.org.il/party-platform/","2026-09-07"
"beytenu","ישראל ביתנו","yeshiva-budgets","תקציבי הישיבות והחינוך החרדי","האם יש להגדיל את התקציבים לישיבות ולמוסדות החינוך החרדי?","0","נגד","sourced","2","platform","doc","2024-08-14","https://beytenu.org.il/party-platform/","2026-09-07"
"beytenu","ישראל ביתנו","nation-state-law","סעיף שוויון בחוק הלאום","האם צריך להוסיף לחוק הלאום סעיף שקובע שכל אזרחי ישראל שווים?","1","בעד","sourced","1","platform","doc","2024-08-14","https://beytenu.org.il/party-platform/","2026-09-07"
"beytenu","ישראל ביתנו","temple-mount","תפילת יהודים בהר הבית","האם יש לאפשר תפילת יהודים בהר הבית, גם אם המשמעות היא שינוי הסטטוס-קוו?","0.5","עמדה חלקית","documented_silence","0","","","","",""
"beytenu","ישראל ביתנו","settlements","הרחבת ההתנחלויות","האם יש להרחיב את ההתנחלויות ביהודה ושומרון?","1","בעד","sourced","4","vote","doc","2025-10-22","https://main.knesset.gov.il/Activity/Legislation/Laws/Pages/LawBill.aspx?t=lawsuggestionssearch&lawitemid=2230789","2026-09-07"
"beytenu","ישראל ביתנו","term-limits","הגבלת כהונת ראש הממשלה","האם צריך לקבוע בחוק הגבלה על מספר השנים שראש ממשלה יכול לכהן?","1","בעד","sourced","4","platform","doc","2024-08-14","https://beytenu.org.il/party-platform/","2026-09-07"
"beytenu","ישראל ביתנו","benefits-for-service","התניית הטבות בשירות צבאי או אזרחי","האם יש להתנות הטבות ממשלתיות (כמו הנחות ומענקים) בשירות צבאי או אזרחי?","1","בעד","sourced","4","platform","doc","2024-08-14","https://beytenu.org.il/party-platform/","2026-09-07"
"beytenu","ישראל ביתנו","housing","התערבות ממשלתית בשוק הדיור","האם על הממשלה להתערב באופן פעיל בשוק הדיור: פיקוח, סבסוד ודיור ציבורי?","0.5","עמדה חלקית","sourced","2","platform","doc","2024-08-14","https://beytenu.org.il/party-platform/","2026-09-07"
"beytenu","ישראל ביתנו","lgbt-equality","שוויון זכויות לקהילה הלהט""בית","האם יש לעגן בחוק שוויון זכויות מלא לקהילת הלהט""ב, כולל הכרה בזוגיות?","0.5","עמדה חלקית","sourced","1","leader","said","2019-08-22","https://www.ynet.co.il/articles/0,7340,L-5573716,00.html","2026-09-07"
"beytenu","ישראל ביתנו","saudi-normalization","ויתורים לפלסטינים תמורת שלום עם סעודיה","האם כדאי לישראל לוותר לפלסטינים, למשל להקפיא בנייה בהתנחלויות, כדי להשיג הסכם שלום עם ערב הסעודית?","0","נגד","sourced","1","leader","said","2024-02-28","https://www.calcalist.co.il/conferences/article/rjqdjoh2a","2026-09-07"
"beytenu","ישראל ביתנו","universal-service","חובת שירות לכלל האזרחים","האם יש להנהיג חובת שירות, צבאי או אזרחי, לכלל אזרחי ישראל, כולל חרדים וערבים?","1","בעד","sourced","2","platform","doc","2024-08-14","https://beytenu.org.il/party-platform/","2026-09-07"
"beytenu","ישראל ביתנו","haredi-coalition","חרדים בקואליציה ללא חוק גיוס","האם לגיטימי לצרף את המפלגות החרדיות לקואליציה גם ללא הסכמה מראש על חוק גיוס?","0","נגד","sourced","2","platform","doc","2024-08-14","https://beytenu.org.il/party-platform/","2026-09-07"
"beytenu","ישראל ביתנו","arab-coalition","מפלגות ערביות בקואליציה","האם לגיטימי לצרף מפלגות ערביות לקואליציה ולממשלה?","0","נגד","sourced","2","platform","doc","2024-08-14","https://beytenu.org.il/party-platform/","2026-09-07"
"joint","הרשימה המשותפת","palestinian-state","מדינה פלסטינית","האם יש להקים מדינה פלסטינית לצד ישראל במסגרת הסדר עתידי?","1","בעד","sourced","2","policy","doc","2026-02-17","https://maki.org.il/%d7%9e%d7%a1%d7%9e%d7%9a-%d7%94%d7%97%d7%9c%d7%98%d7%95%d7%aa-%d7%94%d7%95%d7%95%d7%a2%d7%99%d7%93%d7%94-%d7%94%d6%be29-%d7%a9%d7%9c-%d7%94%d7%9e%d7%a4%d7%9c%d7%92%d7%94-%d7%94%d7%a7%d7%95%d7%9e%d7%95/","2026-09-07"
"joint","הרשימה המשותפת","death-penalty","עונש מוות למחבלים","האם יש לחוקק בישראל עונש מוות למחבלים?","0","נגד","sourced","4","vote","doc","2026-03-30","https://main.knesset.gov.il/Activity/Legislation/Laws/Pages/LawBill.aspx?t=lawsuggestionssearch&lawitemid=2199298","2026-09-07"
"joint","הרשימה המשותפת","haredi-draft","גיוס חרדים","האם יש לחוקק חוק המחייב גיוס בחורי ישיבה חרדים, כולל סנקציות אישיות על משתמטים?","0","נגד","sourced","2","mk","said","2025-07-20","https://www.inn.co.il/news/674462","2026-09-07"
"joint","הרשימה המשותפת","judicial-reform","הרפורמה המשפטית והגבלת בג""ץ","האם יש להגביל את סמכויות בג""ץ ולחזק את כוחן של הכנסת והממשלה (ברוח הרפורמה המשפטית)?","0","נגד","sourced","3","policy","doc","2026-02-17","https://maki.org.il/%d7%9e%d7%a1%d7%9e%d7%9a-%d7%94%d7%97%d7%9c%d7%98%d7%95%d7%aa-%d7%94%d7%95%d7%95%d7%a2%d7%99%d7%93%d7%94-%d7%94%d6%be29-%d7%a9%d7%9c-%d7%94%d7%9e%d7%a4%d7%9c%d7%92%d7%94-%d7%94%d7%a7%d7%95%d7%9e%d7%95/","2026-09-07"
"joint","הרשימה המשותפת","oct7-inquiry","ועדת חקירה ממלכתית ל-7 באוקטובר","האם יש להקים מיד ועדת חקירה ממלכתית לאירועי 7 באוקטובר?","1","בעד","sourced","2","vote","doc","2026-07-01","https://main.knesset.gov.il/Activity/Legislation/Laws/Pages/LawBill.aspx?t=lawsuggestionssearch&lawitemid=2236693","2026-09-07"
"joint","הרשימה המשותפת","religion-state","תחבורה ציבורית בשבת ונישואים אזרחיים","האם יש להפעיל תחבורה ציבורית בשבת ולהנהיג נישואים אזרחיים בישראל?","0.5","עמדה חלקית","sourced","3","vote","doc","2023-06-07","https://main.knesset.gov.il/Activity/Legislation/Laws/Pages/LawBill.aspx?t=lawsuggestionssearch&lawitemid=2196011","2026-09-07"
"joint","הרשימה המשותפת","gaza-control","שליטה ביטחונית בעזה","האם צה""ל צריך להמשיך לשלוט ביטחונית ברצועת עזה גם בשנים הקרובות?","0","נגד","sourced","1","policy","doc","2026-02-17","https://maki.org.il/%d7%9e%d7%a1%d7%9e%d7%9a-%d7%94%d7%97%d7%9c%d7%98%d7%95%d7%aa-%d7%94%d7%95%d7%95%d7%a2%d7%99%d7%93%d7%94-%d7%94%d6%be29-%d7%a9%d7%9c-%d7%94%d7%9e%d7%a4%d7%9c%d7%92%d7%94-%d7%94%d7%a7%d7%95%d7%9e%d7%95/","2026-09-07"
"joint","הרשימה המשותפת","lower-taxes","הורדת מסים מול שירותים לאזרח","האם צריך להוריד מסים, גם אם המשמעות היא שהמדינה תספק פחות שירותים לאזרח?","0","נגד","sourced","2","policy","doc","2026-02-17","https://maki.org.il/%d7%9e%d7%a1%d7%9e%d7%9a-%d7%94%d7%97%d7%9c%d7%98%d7%95%d7%aa-%d7%94%d7%95%d7%95%d7%a2%d7%99%d7%93%d7%94-%d7%94%d6%be29-%d7%a9%d7%9c-%d7%94%d7%9e%d7%a4%d7%9c%d7%92%d7%94-%d7%94%d7%a7%d7%95%d7%9e%d7%95/","2026-09-07"
"joint","הרשימה המשותפת","yeshiva-budgets","תקציבי הישיבות והחינוך החרדי","האם יש להגדיל את התקציבים לישיבות ולמוסדות החינוך החרדי?","0.5","עמדה חלקית","sourced","1","policy","doc","2026-01-28","https://maki.org.il/%d7%91%d7%9e%d7%94-%d7%93%d7%a0%d7%99%d7%9d-%d7%94%d7%a7%d7%95%d7%9e%d7%95%d7%a0%d7%99%d7%a1%d7%98%d7%99%d7%9d-%d7%9c%d7%a7%d7%a8%d7%90%d7%aa-%d7%94%d7%95%d7%95%d7%a2%d7%99%d7%93%d7%94-%d7%94%d7%aa/","2026-09-07"
"joint","הרשימה המשותפת","nation-state-law","סעיף שוויון בחוק הלאום","האם צריך להוסיף לחוק הלאום סעיף שקובע שכל אזרחי ישראל שווים?","1","בעד","sourced","2","policy","doc","2026-02-17","https://maki.org.il/%d7%9e%d7%a1%d7%9e%d7%9a-%d7%94%d7%97%d7%9c%d7%98%d7%95%d7%aa-%d7%94%d7%95%d7%95%d7%a2%d7%99%d7%93%d7%94-%d7%94%d6%be29-%d7%a9%d7%9c-%d7%94%d7%9e%d7%a4%d7%9c%d7%92%d7%94-%d7%94%d7%a7%d7%95%d7%9e%d7%95/","2026-09-07"
"joint","הרשימה המשותפת","temple-mount","תפילת יהודים בהר הבית","האם יש לאפשר תפילת יהודים בהר הבית, גם אם המשמעות היא שינוי הסטטוס-קוו?","0","נגד","sourced","1","policy","doc","2026-02-17","https://maki.org.il/%d7%9e%d7%a1%d7%9e%d7%9a-%d7%94%d7%97%d7%9c%d7%98%d7%95%d7%aa-%d7%94%d7%95%d7%95%d7%a2%d7%99%d7%93%d7%94-%d7%94%d6%be29-%d7%a9%d7%9c-%d7%94%d7%9e%d7%a4%d7%9c%d7%92%d7%94-%d7%94%d7%a7%d7%95%d7%9e%d7%95/","2026-09-07"
"joint","הרשימה המשותפת","settlements","הרחבת ההתנחלויות","האם יש להרחיב את ההתנחלויות ביהודה ושומרון?","0","נגד","sourced","2","policy","doc","2026-02-17","https://maki.org.il/%d7%9e%d7%a1%d7%9e%d7%9a-%d7%94%d7%97%d7%9c%d7%98%d7%95%d7%aa-%d7%94%d7%95%d7%95%d7%a2%d7%99%d7%93%d7%94-%d7%94%d6%be29-%d7%a9%d7%9c-%d7%94%d7%9e%d7%a4%d7%9c%d7%92%d7%94-%d7%94%d7%a7%d7%95%d7%9e%d7%95/","2026-09-07"
"joint","הרשימה המשותפת","term-limits","הגבלת כהונת ראש הממשלה","האם צריך לקבוע בחוק הגבלה על מספר השנים שראש ממשלה יכול לכהן?","1","בעד","sourced","2","vote","doc","2024-07-03","https://main.knesset.gov.il/Activity/Legislation/Laws/Pages/LawBill.aspx?t=lawsuggestionssearch&lawitemid=2205476","2026-09-07"
"joint","הרשימה המשותפת","benefits-for-service","התניית הטבות בשירות צבאי או אזרחי","האם יש להתנות הטבות ממשלתיות (כמו הנחות ומענקים) בשירות צבאי או אזרחי?","0","נגד","sourced","1","policy","doc","2026-01-21","https://www.globes.co.il/news/article.aspx?did=1001532497","2026-09-07"
"joint","הרשימה המשותפת","housing","התערבות ממשלתית בשוק הדיור","האם על הממשלה להתערב באופן פעיל בשוק הדיור: פיקוח, סבסוד ודיור ציבורי?","1","בעד","sourced","1","policy","doc","2026-01-28","https://maki.org.il/%d7%91%d7%9e%d7%94-%d7%93%d7%a0%d7%99%d7%9d-%d7%94%d7%a7%d7%95%d7%9e%d7%95%d7%a0%d7%99%d7%a1%d7%98%d7%99%d7%9d-%d7%9c%d7%a7%d7%a8%d7%90%d7%aa-%d7%94%d7%95%d7%95%d7%a2%d7%99%d7%93%d7%94-%d7%94%d7%aa/","2026-09-07"
"joint","הרשימה המשותפת","lgbt-equality","שוויון זכויות לקהילה הלהט""בית","האם יש לעגן בחוק שוויון זכויות מלא לקהילת הלהט""ב, כולל הכרה בזוגיות?","1","בעד","sourced","1","mk","said","2020-07-22","https://maki.org.il/%d7%91%d7%a0%d7%99%d7%92%d7%95%d7%93-%d7%9c%d7%a2%d7%9e%d7%93%d7%aa-%d7%94%d7%9e%d7%9e%d7%a9%d7%9c%d7%94-%d7%95%d7%91%d7%aa%d7%9e%d7%99%d7%9b%d7%aa-%d7%97%d7%93%d7%a9-%d7%90%d7%99%d7%a1%d7%95%d7%a8/","2026-09-07"
"joint","הרשימה המשותפת","saudi-normalization","ויתורים לפלסטינים תמורת שלום עם סעודיה","האם כדאי לישראל לוותר לפלסטינים, למשל להקפיא בנייה בהתנחלויות, כדי להשיג הסכם שלום עם ערב הסעודית?","0.5","עמדה חלקית","sourced","1","leader","said","2020-10-17","https://www.globes.co.il/news/article.aspx?did=1001345956","2026-09-07"
"joint","הרשימה המשותפת","universal-service","חובת שירות לכלל האזרחים","האם יש להנהיג חובת שירות, צבאי או אזרחי, לכלל אזרחי ישראל, כולל חרדים וערבים?","0","נגד","sourced","2","media","reported","2026-09-01","https://maki.org.il/%d7%94%d7%a8%d7%a9%d7%99%d7%9e%d7%94-%d7%94%d7%9e%d7%a9%d7%95%d7%aa%d7%a4%d7%aa-%d7%a2%d7%91%d7%90%d7%a1-%d7%94%d7%a2%d7%93%d7%99%d7%a3-%d7%a9%d7%95%d7%aa%d7%a3-%d7%a9%d7%9e%d7%aa%d7%92%d7%90%d7%94/","2026-09-07"
"joint","הרשימה המשותפת","haredi-coalition","חרדים בקואליציה ללא חוק גיוס","האם לגיטימי לצרף את המפלגות החרדיות לקואליציה גם ללא הסכמה מראש על חוק גיוס?","0.5","עמדה חלקית","sourced","1","policy","doc","2025-09-04","https://www.mako.co.il/news-politics/2025_q3/Article-8e917994f1e0991026.htm","2026-09-07"
"joint","הרשימה המשותפת","arab-coalition","מפלגות ערביות בקואליציה","האם לגיטימי לצרף מפלגות ערביות לקואליציה ולממשלה?","0.5","עמדה חלקית","sourced","2","leader","said","2026-08-23","https://www.inn.co.il/news/704612","2026-09-07"
"raam","רע""ם","palestinian-state","מדינה פלסטינית","האם יש להקים מדינה פלסטינית לצד ישראל במסגרת הסדר עתידי?","1","בעד","sourced","3","vote","doc","2024-10-30","https://main.knesset.gov.il/Activity/Legislation/Laws/Pages/LawBill.aspx?t=lawsuggestionssearch&lawitemid=2220999","2026-09-07"
"raam","רע""ם","death-penalty","עונש מוות למחבלים","האם יש לחוקק בישראל עונש מוות למחבלים?","0","נגד","sourced","3","vote","doc","2026-03-30","https://main.knesset.gov.il/Activity/Legislation/Laws/Pages/LawBill.aspx?t=lawsuggestionssearch&lawitemid=2199298","2026-09-07"
"raam","רע""ם","haredi-draft","גיוס חרדים","האם יש לחוקק חוק המחייב גיוס בחורי ישיבה חרדים, כולל סנקציות אישיות על משתמטים?","0.5","עמדה חלקית","sourced","1","leader","said","2025-12-06","https://www.mako.co.il/news-politics/2025_q4/Article-970dc7c2394fa91027.htm","2026-09-07"
"raam","רע""ם","judicial-reform","הרפורמה המשפטית והגבלת בג""ץ","האם יש להגביל את סמכויות בג""ץ ולחזק את כוחן של הכנסת והממשלה (ברוח הרפורמה המשפטית)?","0","נגד","sourced","4","vote","doc","2023-07-11","https://main.knesset.gov.il/Activity/Legislation/Laws/Pages/LawBill.aspx?t=lawsuggestionssearch&lawitemid=2207472","2026-09-07"
"raam","רע""ם","oct7-inquiry","ועדת חקירה ממלכתית ל-7 באוקטובר","האם יש להקים מיד ועדת חקירה ממלכתית לאירועי 7 באוקטובר?","1","בעד","sourced","2","vote","doc","2026-07-01","https://main.knesset.gov.il/Activity/Legislation/Laws/Pages/LawBill.aspx?t=lawsuggestionssearch&lawitemid=2236693","2026-09-07"
"raam","רע""ם","religion-state","תחבורה ציבורית בשבת ונישואים אזרחיים","האם יש להפעיל תחבורה ציבורית בשבת ולהנהיג נישואים אזרחיים בישראל?","0","נגד","sourced","1","vote","doc","2023-06-07","https://main.knesset.gov.il/Activity/Legislation/Laws/Pages/LawBill.aspx?t=lawsuggestionssearch&lawitemid=2196011","2026-09-07"
"raam","רע""ם","gaza-control","שליטה ביטחונית בעזה","האם צה""ל צריך להמשיך לשלוט ביטחונית ברצועת עזה גם בשנים הקרובות?","0","נגד","sourced","1","leader","said","2025-11-10","https://www.inn.co.il/news/682706","2026-09-07"
"raam","רע""ם","lower-taxes","הורדת מסים מול שירותים לאזרח","האם צריך להוריד מסים, גם אם המשמעות היא שהמדינה תספק פחות שירותים לאזרח?","0.5","עמדה חלקית","documented_silence","0","","","","",""
"raam","רע""ם","yeshiva-budgets","תקציבי הישיבות והחינוך החרדי","האם יש להגדיל את התקציבים לישיבות ולמוסדות החינוך החרדי?","1","בעד","sourced","1","leader","said","2021-11-01","https://www.bhol.co.il/news/1293854","2026-09-07"
"raam","רע""ם","nation-state-law","סעיף שוויון בחוק הלאום","האם צריך להוסיף לחוק הלאום סעיף שקובע שכל אזרחי ישראל שווים?","1","בעד","sourced","1","leader","said","2022-10-01","https://www.mako.co.il/news-israel-elections/election_2022/Article-95205e277449381027.htm","2026-09-07"
"raam","רע""ם","temple-mount","תפילת יהודים בהר הבית","האם יש לאפשר תפילת יהודים בהר הבית, גם אם המשמעות היא שינוי הסטטוס-קוו?","0","נגד","sourced","2","leader","said","2021-11-09","https://www.srugim.co.il/615962-%D7%94%D7%90%D7%9D-%D7%94%D7%99%D7%94-%D7%91%D7%99%D7%AA-%D7%9E%D7%A7%D7%93%D7%A9-%D7%91%D7%94%D7%A8-%D7%94%D7%91%D7%99%D7%AA-%D7%9E%D7%A0%D7%A1%D7%95%D7%A8-%D7%A2%D7%91%D7%90%D7%A1-%D7%96%D7%94","2026-09-07"
"raam","רע""ם","settlements","הרחבת ההתנחלויות","האם יש להרחיב את ההתנחלויות ביהודה ושומרון?","0","נגד","sourced","1","vote","doc","2023-03-21","https://main.knesset.gov.il/Activity/Legislation/Laws/Pages/LawBill.aspx?t=lawsuggestionssearch&lawitemid=2195706","2026-09-07"
"raam","רע""ם","term-limits","הגבלת כהונת ראש הממשלה","האם צריך לקבוע בחוק הגבלה על מספר השנים שראש ממשלה יכול לכהן?","1","בעד","sourced","2","vote","doc","2026-01-14","https://main.knesset.gov.il/Activity/Legislation/Laws/Pages/LawBill.aspx?t=lawsuggestionssearch&lawitemid=2203407","2026-09-07"
"raam","רע""ם","benefits-for-service","התניית הטבות בשירות צבאי או אזרחי","האם יש להתנות הטבות ממשלתיות (כמו הנחות ומענקים) בשירות צבאי או אזרחי?","0","נגד","sourced","1","media","reported","2026-08-26","https://www.israelhayom.co.il/news/politics/article/21281535","2026-09-07"
"raam","רע""ם","housing","התערבות ממשלתית בשוק הדיור","האם על הממשלה להתערב באופן פעיל בשוק הדיור: פיקוח, סבסוד ודיור ציבורי?","1","בעד","sourced","1","media","reported","2021-07-03","https://www.globes.co.il/news/article.aspx?did=1001376690","2026-09-07"
"raam","רע""ם","lgbt-equality","שוויון זכויות לקהילה הלהט""בית","האם יש לעגן בחוק שוויון זכויות מלא לקהילת הלהט""ב, כולל הכרה בזוגיות?","0","נגד","sourced","1","mk","said","2021-03-24","https://www.ynet.co.il/news/article/HJIRSudN00","2026-09-07"
"raam","רע""ם","saudi-normalization","ויתורים לפלסטינים תמורת שלום עם סעודיה","האם כדאי לישראל לוותר לפלסטינים, למשל להקפיא בנייה בהתנחלויות, כדי להשיג הסכם שלום עם ערב הסעודית?","1","בעד","sourced","1","leader","said","2022-07-14","https://www.israelhayom.co.il/news/geopolitics/article/12253690","2026-09-07"
"raam","רע""ם","universal-service","חובת שירות לכלל האזרחים","האם יש להנהיג חובת שירות, צבאי או אזרחי, לכלל אזרחי ישראל, כולל חרדים וערבים?","0.5","עמדה חלקית","sourced","2","leader","said","2026-07-27","https://www.ynet.co.il/news/article/h111ybtvszg","2026-09-07"
"raam","רע""ם","haredi-coalition","חרדים בקואליציה ללא חוק גיוס","האם לגיטימי לצרף את המפלגות החרדיות לקואליציה גם ללא הסכמה מראש על חוק גיוס?","1","בעד","sourced","1","leader","said","2022-05-12","https://www.ynet.co.il/news/article/r1hz8e9iq","2026-09-07"
"raam","רע""ם","arab-coalition","מפלגות ערביות בקואליציה","האם לגיטימי לצרף מפלגות ערביות לקואליציה ולממשלה?","1","בעד","sourced","2","leader","said","2025-12-06","https://www.mako.co.il/news-politics/2025_q4/Article-970dc7c2394fa91027.htm","2026-09-07"
"noam","נעם לישראל","palestinian-state","מדינה פלסטינית","האם יש להקים מדינה פלסטינית לצד ישראל במסגרת הסדר עתידי?","0","נגד","sourced","2","leader","said","2026-04-20","https://www.c14.co.il/article/1530539","2026-09-07"
"noam","נעם לישראל","death-penalty","עונש מוות למחבלים","האם יש לחוקק בישראל עונש מוות למחבלים?","0.5","עמדה חלקית","sourced","2","leader","said","2026-03-30","https://www.srugim.co.il/1301040-%D7%90%D7%91%D7%99-%D7%9E%D7%A2%D7%95%D7%96-%D7%9E%D7%AA%D7%A0%D7%92%D7%93-%D7%9C%D7%97%D7%95%D7%A7-%D7%A2%D7%95%D7%A0%D7%A9-%D7%9E%D7%95%D7%95%D7%AA-%D7%9C%D7%9E%D7%97%D7%91%D7%9C%D7%99%D7%9D","2026-09-07"
"noam","נעם לישראל","haredi-draft","גיוס חרדים","האם יש לחוקק חוק המחייב גיוס בחורי ישיבה חרדים, כולל סנקציות אישיות על משתמטים?","0","נגד","sourced","4","vote","doc","2026-07-13","https://main.knesset.gov.il/Activity/Legislation/Laws/Pages/LawBill.aspx?t=lawsuggestionssearch&lawitemid=2198907","2026-09-07"
"noam","נעם לישראל","judicial-reform","הרפורמה המשפטית והגבלת בג""ץ","האם יש להגביל את סמכויות בג""ץ ולחזק את כוחן של הכנסת והממשלה (ברוח הרפורמה המשפטית)?","1","בעד","sourced","4","platform","doc","2026-09-06","https://www.noamlisrael.org.il/","2026-09-07"
"noam","נעם לישראל","oct7-inquiry","ועדת חקירה ממלכתית ל-7 באוקטובר","האם יש להקים מיד ועדת חקירה ממלכתית לאירועי 7 באוקטובר?","0.5","עמדה חלקית","sourced","2","leader","said","2025-12-28","https://www.inn.co.il/news/686342","2026-09-07"
"noam","נעם לישראל","religion-state","תחבורה ציבורית בשבת ונישואים אזרחיים","האם יש להפעיל תחבורה ציבורית בשבת ולהנהיג נישואים אזרחיים בישראל?","0","נגד","sourced","4","platform","doc","2026-09-06","https://www.noamlisrael.org.il/","2026-09-07"
"noam","נעם לישראל","gaza-control","שליטה ביטחונית בעזה","האם צה""ל צריך להמשיך לשלוט ביטחונית ברצועת עזה גם בשנים הקרובות?","1","בעד","sourced","1","leader","said","2025-11-17","https://www.maariv.co.il/news/politics/article-1252763","2026-09-07"
"noam","נעם לישראל","lower-taxes","הורדת מסים מול שירותים לאזרח","האם צריך להוריד מסים, גם אם המשמעות היא שהמדינה תספק פחות שירותים לאזרח?","0.5","עמדה חלקית","documented_silence","0","","","","",""
"noam","נעם לישראל","yeshiva-budgets","תקציבי הישיבות והחינוך החרדי","האם יש להגדיל את התקציבים לישיבות ולמוסדות החינוך החרדי?","1","בעד","sourced","2","leader","said","2026-08-11","https://www.kikar.co.il/interviews/tjlktt","2026-09-07"
"noam","נעם לישראל","nation-state-law","סעיף שוויון בחוק הלאום","האם צריך להוסיף לחוק הלאום סעיף שקובע שכל אזרחי ישראל שווים?","0","נגד","sourced","1","vote","doc","2024-07-10","https://main.knesset.gov.il/Activity/Legislation/Laws/Pages/LawBill.aspx?t=lawsuggestionssearch&lawitemid=2211338","2026-09-07"
"noam","נעם לישראל","temple-mount","תפילת יהודים בהר הבית","האם יש לאפשר תפילת יהודים בהר הבית, גם אם המשמעות היא שינוי הסטטוס-קוו?","0","נגד","sourced","2","leader","said","2025-07-31","https://www.inn.co.il/news/675407","2026-09-07"
"noam","נעם לישראל","settlements","הרחבת ההתנחלויות","האם יש להרחיב את ההתנחלויות ביהודה ושומרון?","1","בעד","sourced","4","vote","doc","2025-10-22","https://main.knesset.gov.il/Activity/Legislation/Laws/Pages/LawBill.aspx?t=lawsuggestionssearch&lawitemid=2230789","2026-09-07"
"noam","נעם לישראל","term-limits","הגבלת כהונת ראש הממשלה","האם צריך לקבוע בחוק הגבלה על מספר השנים שראש ממשלה יכול לכהן?","0","נגד","sourced","1","vote","doc","2026-01-14","https://main.knesset.gov.il/Activity/Legislation/Laws/Pages/LawBill.aspx?t=lawsuggestionssearch&lawitemid=2203407","2026-09-07"
"noam","נעם לישראל","benefits-for-service","התניית הטבות בשירות צבאי או אזרחי","האם יש להתנות הטבות ממשלתיות (כמו הנחות ומענקים) בשירות צבאי או אזרחי?","0","נגד","sourced","1","leader","said","2026-09-02","https://www.srugim.co.il/101010173-%D7%90%D7%91%D7%99-%D7%9E%D7%A2%D7%95%D7%96-%D7%90%D7%A0%D7%99-%D7%A9%D7%95%D7%95%D7%94-2-%D7%9E%D7%A0%D7%93%D7%98%D7%99%D7%9D","2026-09-07"
"noam","נעם לישראל","housing","התערבות ממשלתית בשוק הדיור","האם על הממשלה להתערב באופן פעיל בשוק הדיור: פיקוח, סבסוד ודיור ציבורי?","0.5","עמדה חלקית","documented_silence","0","","","","",""
"noam","נעם לישראל","lgbt-equality","שוויון זכויות לקהילה הלהט""בית","האם יש לעגן בחוק שוויון זכויות מלא לקהילת הלהט""ב, כולל הכרה בזוגיות?","0","נגד","sourced","2","leader","said","2022-12-01","https://www.inn.co.il/news/584653","2026-09-07"
"noam","נעם לישראל","saudi-normalization","ויתורים לפלסטינים תמורת שלום עם סעודיה","האם כדאי לישראל לוותר לפלסטינים, למשל להקפיא בנייה בהתנחלויות, כדי להשיג הסכם שלום עם ערב הסעודית?","0","נגד","sourced","2","leader","said","2026-04-20","https://www.c14.co.il/article/1530539","2026-09-07"
"noam","נעם לישראל","universal-service","חובת שירות לכלל האזרחים","האם יש להנהיג חובת שירות, צבאי או אזרחי, לכלל אזרחי ישראל, כולל חרדים וערבים?","0","נגד","sourced","2","leader","said","2026-08-11","https://www.kikar.co.il/interviews/tjlktt","2026-09-07"
"noam","נעם לישראל","haredi-coalition","חרדים בקואליציה ללא חוק גיוס","האם לגיטימי לצרף את המפלגות החרדיות לקואליציה גם ללא הסכמה מראש על חוק גיוס?","1","בעד","sourced","2","leader","said","2026-08-11","https://www.kikar.co.il/interviews/tjlktt","2026-09-07"
"noam","נעם לישראל","arab-coalition","מפלגות ערביות בקואליציה","האם לגיטימי לצרף מפלגות ערביות לקואליציה ולממשלה?","0","נגד","sourced","2","leader","said","2026-08-06","https://www.c14.co.il/article/1650804","2026-09-07"
"kachol","כחול לבן","palestinian-state","מדינה פלסטינית","האם יש להקים מדינה פלסטינית לצד ישראל במסגרת הסדר עתידי?","0","נגד","sourced","2","leader","said","2025-05-08","https://www.makorrishon.co.il/news/settlement/article/163564","2026-09-07"
"kachol","כחול לבן","death-penalty","עונש מוות למחבלים","האם יש לחוקק בישראל עונש מוות למחבלים?","0","נגד","sourced","3","vote","doc","2026-03-30","https://main.knesset.gov.il/Activity/Legislation/Laws/Pages/LawBill.aspx?t=lawsuggestionssearch&lawitemid=2199298","2026-09-07"
"kachol","כחול לבן","haredi-draft","גיוס חרדים","האם יש לחוקק חוק המחייב גיוס בחורי ישיבה חרדים, כולל סנקציות אישיות על משתמטים?","1","בעד","sourced","2","leader","said","2026-08-17","https://www.israelhayom.co.il/news/geopolitics/article/21215389","2026-09-07"
"kachol","כחול לבן","judicial-reform","הרפורמה המשפטית והגבלת בג""ץ","האם יש להגביל את סמכויות בג""ץ ולחזק את כוחן של הכנסת והממשלה (ברוח הרפורמה המשפטית)?","0","נגד","sourced","4","vote","doc","2023-07-11","https://main.knesset.gov.il/Activity/Legislation/Laws/Pages/LawBill.aspx?t=lawsuggestionssearch&lawitemid=2207472","2026-09-07"
"kachol","כחול לבן","oct7-inquiry","ועדת חקירה ממלכתית ל-7 באוקטובר","האם יש להקים מיד ועדת חקירה ממלכתית לאירועי 7 באוקטובר?","1","בעד","sourced","4","vote","doc","2026-07-01","https://main.knesset.gov.il/Activity/Legislation/Laws/Pages/LawBill.aspx?t=lawsuggestionssearch&lawitemid=2236693","2026-09-07"
"kachol","כחול לבן","religion-state","תחבורה ציבורית בשבת ונישואים אזרחיים","האם יש להפעיל תחבורה ציבורית בשבת ולהנהיג נישואים אזרחיים בישראל?","1","בעד","sourced","4","vote","doc","2025-11-19","https://main.knesset.gov.il/Activity/Legislation/Laws/Pages/LawBill.aspx?t=lawsuggestionssearch&lawitemid=2200707","2026-09-07"
"kachol","כחול לבן","gaza-control","שליטה ביטחונית בעזה","האם צה""ל צריך להמשיך לשלוט ביטחונית ברצועת עזה גם בשנים הקרובות?","1","בעד","sourced","2","leader","said","2026-08-27","https://news.walla.co.il/item/3863654","2026-09-07"
"kachol","כחול לבן","lower-taxes","הורדת מסים מול שירותים לאזרח","האם צריך להוריד מסים, גם אם המשמעות היא שהמדינה תספק פחות שירותים לאזרח?","0.5","עמדה חלקית","sourced","1","leader","said","2026-08-17","https://www.israelhayom.co.il/news/geopolitics/article/21215389","2026-09-07"
"kachol","כחול לבן","yeshiva-budgets","תקציבי הישיבות והחינוך החרדי","האם יש להגדיל את התקציבים לישיבות ולמוסדות החינוך החרדי?","0","נגד","sourced","1","media","reported","2023-11-27","https://www.ynet.co.il/news/article/hjllffmba","2026-09-07"
"kachol","כחול לבן","nation-state-law","סעיף שוויון בחוק הלאום","האם צריך להוסיף לחוק הלאום סעיף שקובע שכל אזרחי ישראל שווים?","1","בעד","sourced","3","vote","doc","2025-01-01","https://main.knesset.gov.il/Activity/Legislation/Laws/Pages/LawBill.aspx?t=lawsuggestionssearch&lawitemid=2222918","2026-09-07"
"kachol","כחול לבן","temple-mount","תפילת יהודים בהר הבית","האם יש לאפשר תפילת יהודים בהר הבית, גם אם המשמעות היא שינוי הסטטוס-קוו?","0","נגד","sourced","1","leader","said","2024-08-13","https://www.srugim.co.il/1028026-%D7%92%D7%A0%D7%A5-%D7%9C%D7%A0%D7%AA%D7%A0%D7%99%D7%94%D7%95-%D7%AA%D7%A2%D7%A6%D7%95%D7%A8-%D7%90%D7%AA-%D7%94%D7%94%D7%A4%D7%A7%D7%A8%D7%95%D7%AA","2026-09-07"
"kachol","כחול לבן","settlements","הרחבת ההתנחלויות","האם יש להרחיב את ההתנחלויות ביהודה ושומרון?","0","נגד","sourced","3","vote","doc","2023-03-21","https://main.knesset.gov.il/Activity/Legislation/Laws/Pages/LawBill.aspx?t=lawsuggestionssearch&lawitemid=2195706","2026-09-07"
"kachol","כחול לבן","term-limits","הגבלת כהונת ראש הממשלה","האם צריך לקבוע בחוק הגבלה על מספר השנים שראש ממשלה יכול לכהן?","1","בעד","sourced","4","vote","doc","2026-01-14","https://main.knesset.gov.il/Activity/Legislation/Laws/Pages/LawBill.aspx?t=lawsuggestionssearch&lawitemid=2203407","2026-09-07"
"kachol","כחול לבן","benefits-for-service","התניית הטבות בשירות צבאי או אזרחי","האם יש להתנות הטבות ממשלתיות (כמו הנחות ומענקים) בשירות צבאי או אזרחי?","1","בעד","sourced","3","vote","doc","2025-10-22","https://main.knesset.gov.il/Activity/Legislation/Laws/Pages/LawBill.aspx?t=lawsuggestionssearch&lawitemid=2232134","2026-09-07"
"kachol","כחול לבן","housing","התערבות ממשלתית בשוק הדיור","האם על הממשלה להתערב באופן פעיל בשוק הדיור: פיקוח, סבסוד ודיור ציבורי?","1","בעד","sourced","1","leader","said","2026-08-17","https://www.israelhayom.co.il/news/geopolitics/article/21215389","2026-09-07"
"kachol","כחול לבן","lgbt-equality","שוויון זכויות לקהילה הלהט""בית","האם יש לעגן בחוק שוויון זכויות מלא לקהילת הלהט""ב, כולל הכרה בזוגיות?","1","בעד","sourced","2","media","reported","2021-02-15","https://www.ynet.co.il/news/article/HJ00ZCODZO","2026-09-07"
"kachol","כחול לבן","saudi-normalization","ויתורים לפלסטינים תמורת שלום עם סעודיה","האם כדאי לישראל לוותר לפלסטינים, למשל להקפיא בנייה בהתנחלויות, כדי להשיג הסכם שלום עם ערב הסעודית?","1","בעד","sourced","1","media","reported","2023-10-05","https://news.walla.co.il/item/3613805","2026-09-07"
"kachol","כחול לבן","universal-service","חובת שירות לכלל האזרחים","האם יש להנהיג חובת שירות, צבאי או אזרחי, לכלל אזרחי ישראל, כולל חרדים וערבים?","1","בעד","sourced","2","leader","said","2026-08-17","https://www.israelhayom.co.il/news/geopolitics/article/21215389","2026-09-07"
"kachol","כחול לבן","haredi-coalition","חרדים בקואליציה ללא חוק גיוס","האם לגיטימי לצרף את המפלגות החרדיות לקואליציה גם ללא הסכמה מראש על חוק גיוס?","0","נגד","sourced","2","leader","said","2026-01-20","https://www.kikar.co.il/interviews/t93wou","2026-09-07"
"kachol","כחול לבן","arab-coalition","מפלגות ערביות בקואליציה","האם לגיטימי לצרף מפלגות ערביות לקואליציה ולממשלה?","0","נגד","sourced","2","leader","said","2026-08-27","https://news.walla.co.il/item/3863654","2026-09-07"
"miluim","המילואימניקים","palestinian-state","מדינה פלסטינית","האם יש להקים מדינה פלסטינית לצד ישראל במסגרת הסדר עתידי?","0","נגד","sourced","2","leader","said","2026-08-20","https://www.maariv.co.il/news/politics/article-1355353","2026-09-07"
"miluim","המילואימניקים","death-penalty","עונש מוות למחבלים","האם יש לחוקק בישראל עונש מוות למחבלים?","0.5","עמדה חלקית","sourced","1","leader","said","2025-12-11","https://news.walla.co.il/item/3800752","2026-09-07"
"miluim","המילואימניקים","haredi-draft","גיוס חרדים","האם יש לחוקק חוק המחייב גיוס בחורי ישיבה חרדים, כולל סנקציות אישיות על משתמטים?","1","בעד","sourced","1","leader","said","2026-08-20","https://www.maariv.co.il/news/politics/article-1355353","2026-09-07"
"miluim","המילואימניקים","judicial-reform","הרפורמה המשפטית והגבלת בג""ץ","האם יש להגביל את סמכויות בג""ץ ולחזק את כוחן של הכנסת והממשלה (ברוח הרפורמה המשפטית)?","0.5","עמדה חלקית","sourced","1","media","reported","2026-08-05","https://www.israelhayom.co.il/news/politics/article/21135719","2026-09-07"
"miluim","המילואימניקים","oct7-inquiry","ועדת חקירה ממלכתית ל-7 באוקטובר","האם יש להקים מיד ועדת חקירה ממלכתית לאירועי 7 באוקטובר?","1","בעד","sourced","2","leader","said","2026-09-03","https://www.israelhayom.co.il/magazine/special/israelelections/article/21330970","2026-09-07"
"miluim","המילואימניקים","religion-state","תחבורה ציבורית בשבת ונישואים אזרחיים","האם יש להפעיל תחבורה ציבורית בשבת ולהנהיג נישואים אזרחיים בישראל?","0.5","עמדה חלקית","sourced","1","leader","said","2021-09-12","https://www.inn.co.il/news/504642","2026-09-07"
"miluim","המילואימניקים","gaza-control","שליטה ביטחונית בעזה","האם צה""ל צריך להמשיך לשלוט ביטחונית ברצועת עזה גם בשנים הקרובות?","1","בעד","sourced","1","leader","said","2026-08-17","https://www.maariv.co.il/news/politics/article-1355354","2026-09-07"
"miluim","המילואימניקים","lower-taxes","הורדת מסים מול שירותים לאזרח","האם צריך להוריד מסים, גם אם המשמעות היא שהמדינה תספק פחות שירותים לאזרח?","0.5","עמדה חלקית","documented_silence","0","","","","",""
"miluim","המילואימניקים","yeshiva-budgets","תקציבי הישיבות והחינוך החרדי","האם יש להגדיל את התקציבים לישיבות ולמוסדות החינוך החרדי?","0","נגד","sourced","2","leader","said","2026-09-03","https://www.israelhayom.co.il/magazine/special/israelelections/article/21330970","2026-09-07"
"miluim","המילואימניקים","nation-state-law","סעיף שוויון בחוק הלאום","האם צריך להוסיף לחוק הלאום סעיף שקובע שכל אזרחי ישראל שווים?","0.5","עמדה חלקית","documented_silence","0","","","","",""
"miluim","המילואימניקים","temple-mount","תפילת יהודים בהר הבית","האם יש לאפשר תפילת יהודים בהר הבית, גם אם המשמעות היא שינוי הסטטוס-קוו?","0.5","עמדה חלקית","documented_silence","0","","","","",""
"miluim","המילואימניקים","settlements","הרחבת ההתנחלויות","האם יש להרחיב את ההתנחלויות ביהודה ושומרון?","1","בעד","sourced","1","leader","said","2026-08-20","https://www.maariv.co.il/news/politics/article-1355353","2026-09-07"
"miluim","המילואימניקים","term-limits","הגבלת כהונת ראש הממשלה","האם צריך לקבוע בחוק הגבלה על מספר השנים שראש ממשלה יכול לכהן?","1","בעד","sourced","2","media","reported","2026-08-05","https://www.srugim.co.il/101007807-%D7%98%D7%A8%D7%95%D7%A4%D7%A8-%D7%95%D7%94%D7%A0%D7%93%D7%9C-%D7%9E%D7%A6%D7%99%D7%91%D7%99%D7%9D-%D7%AA%D7%A0%D7%90%D7%99%D7%9D-%D7%96%D7%94-%D7%94%D7%AA%D7%99%D7%A7-%D7%A9%D7%A0%D7%93%D7%A8%D7%95%D7%A9","2026-09-07"
"miluim","המילואימניקים","benefits-for-service","התניית הטבות בשירות צבאי או אזרחי","האם יש להתנות הטבות ממשלתיות (כמו הנחות ומענקים) בשירות צבאי או אזרחי?","1","בעד","sourced","2","leader","said","2026-09-03","https://www.israelhayom.co.il/magazine/special/israelelections/article/21330970","2026-09-07"
"miluim","המילואימניקים","housing","התערבות ממשלתית בשוק הדיור","האם על הממשלה להתערב באופן פעיל בשוק הדיור: פיקוח, סבסוד ודיור ציבורי?","0.5","עמדה חלקית","documented_silence","0","","","","",""
"miluim","המילואימניקים","lgbt-equality","שוויון זכויות לקהילה הלהט""בית","האם יש לעגן בחוק שוויון זכויות מלא לקהילת הלהט""ב, כולל הכרה בזוגיות?","0.5","עמדה חלקית","sourced","1","leader","said","2021-01-26","https://www.makorrishon.co.il/news/article/269386","2026-09-07"
"miluim","המילואימניקים","saudi-normalization","ויתורים לפלסטינים תמורת שלום עם סעודיה","האם כדאי לישראל לוותר לפלסטינים, למשל להקפיא בנייה בהתנחלויות, כדי להשיג הסכם שלום עם ערב הסעודית?","0.5","עמדה חלקית","documented_silence","0","","","","",""
"miluim","המילואימניקים","universal-service","חובת שירות לכלל האזרחים","האם יש להנהיג חובת שירות, צבאי או אזרחי, לכלל אזרחי ישראל, כולל חרדים וערבים?","1","בעד","sourced","1","leader","said","2026-08-05","https://www.srugim.co.il/101007807-%D7%98%D7%A8%D7%95%D7%A4%D7%A8-%D7%95%D7%94%D7%A0%D7%93%D7%9C-%D7%9E%D7%A6%D7%99%D7%91%D7%99%D7%9D-%D7%AA%D7%A0%D7%90%D7%99%D7%9D-%D7%96%D7%94-%D7%94%D7%AA%D7%99%D7%A7-%D7%A9%D7%A0%D7%93%D7%A8%D7%95%D7%A9","2026-09-07"
"miluim","המילואימניקים","haredi-coalition","חרדים בקואליציה ללא חוק גיוס","האם לגיטימי לצרף את המפלגות החרדיות לקואליציה גם ללא הסכמה מראש על חוק גיוס?","0","נגד","sourced","1","leader","said","2026-08-20","https://www.maariv.co.il/news/politics/article-1355353","2026-09-07"
"miluim","המילואימניקים","arab-coalition","מפלגות ערביות בקואליציה","האם לגיטימי לצרף מפלגות ערביות לקואליציה ולממשלה?","0","נגד","sourced","1","leader","said","2026-08-20","https://www.maariv.co.il/news/politics/article-1355353","2026-09-07"
"haskel","ישראל תחילה","palestinian-state","מדינה פלסטינית","האם יש להקים מדינה פלסטינית לצד ישראל במסגרת הסדר עתידי?","0","נגד","sourced","2","platform","doc","2026-09-06","https://israelfirst.co.il/work-plan/","2026-09-07"
"haskel","ישראל תחילה","death-penalty","עונש מוות למחבלים","האם יש לחוקק בישראל עונש מוות למחבלים?","1","בעד","sourced","1","policy","doc","2019-12-09","https://fs.knesset.gov.il/22/law/22_lst_565219.docx","2026-09-07"
"haskel","ישראל תחילה","haredi-draft","גיוס חרדים","האם יש לחוקק חוק המחייב גיוס בחורי ישיבה חרדים, כולל סנקציות אישיות על משתמטים?","1","בעד","sourced","2","platform","doc","2026-09-06","https://israelfirst.co.il/work-plan/","2026-09-07"
"haskel","ישראל תחילה","judicial-reform","הרפורמה המשפטית והגבלת בג""ץ","האם יש להגביל את סמכויות בג""ץ ולחזק את כוחן של הכנסת והממשלה (ברוח הרפורמה המשפטית)?","0.5","עמדה חלקית","sourced","1","leader","said","2023-01-09","https://www.ynet.co.il/news/article/bjsj3btcs","2026-09-07"
"haskel","ישראל תחילה","oct7-inquiry","ועדת חקירה ממלכתית ל-7 באוקטובר","האם יש להקים מיד ועדת חקירה ממלכתית לאירועי 7 באוקטובר?","0.5","עמדה חלקית","sourced","1","leader","said","2025-11-18","https://www.israelhayom.co.il/news/politics/article/19266322","2026-09-07"
"haskel","ישראל תחילה","religion-state","תחבורה ציבורית בשבת ונישואים אזרחיים","האם יש להפעיל תחבורה ציבורית בשבת ולהנהיג נישואים אזרחיים בישראל?","0.5","עמדה חלקית","sourced","1","media","reported","2026-08-31","https://www.ynet.co.il/news/elections2026/article/yokra14883243","2026-09-07"
"haskel","ישראל תחילה","gaza-control","שליטה ביטחונית בעזה","האם צה""ל צריך להמשיך לשלוט ביטחונית ברצועת עזה גם בשנים הקרובות?","1","בעד","sourced","1","platform","doc","2026-09-07","https://israelfirst.co.il/work-plan/","2026-09-07"
"haskel","ישראל תחילה","lower-taxes","הורדת מסים מול שירותים לאזרח","האם צריך להוריד מסים, גם אם המשמעות היא שהמדינה תספק פחות שירותים לאזרח?","1","בעד","sourced","2","platform","doc","2026-09-06","https://israelfirst.co.il/work-plan/","2026-09-07"
"haskel","ישראל תחילה","yeshiva-budgets","תקציבי הישיבות והחינוך החרדי","האם יש להגדיל את התקציבים לישיבות ולמוסדות החינוך החרדי?","0","נגד","sourced","2","leader","said","2026-06-10","https://www.maariv.co.il/news/politics/article-1331487","2026-09-07"
"haskel","ישראל תחילה","nation-state-law","סעיף שוויון בחוק הלאום","האם צריך להוסיף לחוק הלאום סעיף שקובע שכל אזרחי ישראל שווים?","0.5","עמדה חלקית","documented_silence","0","","","","",""
"haskel","ישראל תחילה","temple-mount","תפילת יהודים בהר הבית","האם יש לאפשר תפילת יהודים בהר הבית, גם אם המשמעות היא שינוי הסטטוס-קוו?","1","בעד","sourced","1","leader","said","2026-07-23","https://www.inn.co.il/news/702233","2026-09-07"
"haskel","ישראל תחילה","settlements","הרחבת ההתנחלויות","האם יש להרחיב את ההתנחלויות ביהודה ושומרון?","1","בעד","sourced","2","leader","said","2026-08-23","https://www.israelhayom.co.il/news/politics/article/21257367","2026-09-07"
"haskel","ישראל תחילה","term-limits","הגבלת כהונת ראש הממשלה","האם צריך לקבוע בחוק הגבלה על מספר השנים שראש ממשלה יכול לכהן?","0.5","עמדה חלקית","documented_silence","0","","","","",""
"haskel","ישראל תחילה","benefits-for-service","התניית הטבות בשירות צבאי או אזרחי","האם יש להתנות הטבות ממשלתיות (כמו הנחות ומענקים) בשירות צבאי או אזרחי?","1","בעד","sourced","1","platform","doc","2026-09-06","https://israelfirst.co.il/work-plan/","2026-09-07"
"haskel","ישראל תחילה","housing","התערבות ממשלתית בשוק הדיור","האם על הממשלה להתערב באופן פעיל בשוק הדיור: פיקוח, סבסוד ודיור ציבורי?","0.5","עמדה חלקית","sourced","1","policy","doc","2016-02-15","https://fs.knesset.gov.il/20/law/20_lst_321509.docx","2026-09-07"
"haskel","ישראל תחילה","lgbt-equality","שוויון זכויות לקהילה הלהט""בית","האם יש לעגן בחוק שוויון זכויות מלא לקהילת הלהט""ב, כולל הכרה בזוגיות?","0.5","עמדה חלקית","sourced","2","policy","doc","2017-07-03","https://fs.knesset.gov.il/20/law/20_lst_387695.docx","2026-09-07"
"haskel","ישראל תחילה","saudi-normalization","ויתורים לפלסטינים תמורת שלום עם סעודיה","האם כדאי לישראל לוותר לפלסטינים, למשל להקפיא בנייה בהתנחלויות, כדי להשיג הסכם שלום עם ערב הסעודית?","0.5","עמדה חלקית","sourced","1","leader","said","2024-12-26","https://www.c14.co.il/article/1080605/","2026-09-07"
"haskel","ישראל תחילה","universal-service","חובת שירות לכלל האזרחים","האם יש להנהיג חובת שירות, צבאי או אזרחי, לכלל אזרחי ישראל, כולל חרדים וערבים?","1","בעד","sourced","1","platform","doc","2026-09-06","https://israelfirst.co.il/work-plan/","2026-09-07"
"haskel","ישראל תחילה","haredi-coalition","חרדים בקואליציה ללא חוק גיוס","האם לגיטימי לצרף את המפלגות החרדיות לקואליציה גם ללא הסכמה מראש על חוק גיוס?","0","נגד","sourced","2","platform","doc","2026-09-06","https://israelfirst.co.il/","2026-09-07"
"haskel","ישראל תחילה","arab-coalition","מפלגות ערביות בקואליציה","האם לגיטימי לצרף מפלגות ערביות לקואליציה ולממשלה?","0","נגד","sourced","1","platform","doc","2026-09-06","https://israelfirst.co.il/","2026-09-07"
"orot","אורות השחר","palestinian-state","מדינה פלסטינית","האם יש להקים מדינה פלסטינית לצד ישראל במסגרת הסדר עתידי?","0","נגד","sourced","2","platform","doc","2025-10-27","https://orothashachar.org.il/platform/","2026-09-07"
"orot","אורות השחר","death-penalty","עונש מוות למחבלים","האם יש לחוקק בישראל עונש מוות למחבלים?","1","בעד","sourced","1","platform","doc","2025-10-27","https://orothashachar.org.il/platform/","2026-09-07"
"orot","אורות השחר","haredi-draft","גיוס חרדים","האם יש לחוקק חוק המחייב גיוס בחורי ישיבה חרדים, כולל סנקציות אישיות על משתמטים?","0.5","עמדה חלקית","sourced","2","platform","doc","2025-10-27","https://orothashachar.org.il/platform/","2026-09-07"
"orot","אורות השחר","judicial-reform","הרפורמה המשפטית והגבלת בג""ץ","האם יש להגביל את סמכויות בג""ץ ולחזק את כוחן של הכנסת והממשלה (ברוח הרפורמה המשפטית)?","1","בעד","sourced","2","platform","doc","2025-10-27","https://orothashachar.org.il/platform/","2026-09-07"
"orot","אורות השחר","oct7-inquiry","ועדת חקירה ממלכתית ל-7 באוקטובר","האם יש להקים מיד ועדת חקירה ממלכתית לאירועי 7 באוקטובר?","1","בעד","sourced","2","mk","said","2026-08-09","https://www.ynet.co.il/news/article/syrrjelumx","2026-09-07"
"orot","אורות השחר","religion-state","תחבורה ציבורית בשבת ונישואים אזרחיים","האם יש להפעיל תחבורה ציבורית בשבת ולהנהיג נישואים אזרחיים בישראל?","0","נגד","sourced","1","platform","doc","2025-10-27","https://orothashachar.org.il/platform/","2026-09-07"
"orot","אורות השחר","gaza-control","שליטה ביטחונית בעזה","האם צה""ל צריך להמשיך לשלוט ביטחונית ברצועת עזה גם בשנים הקרובות?","1","בעד","sourced","2","platform","doc","2025-10-27","https://orothashachar.org.il/platform/","2026-09-07"
"orot","אורות השחר","lower-taxes","הורדת מסים מול שירותים לאזרח","האם צריך להוריד מסים, גם אם המשמעות היא שהמדינה תספק פחות שירותים לאזרח?","0.5","עמדה חלקית","sourced","1","platform","doc","2025-10-27","https://orothashachar.org.il/platform/","2026-09-07"
"orot","אורות השחר","yeshiva-budgets","תקציבי הישיבות והחינוך החרדי","האם יש להגדיל את התקציבים לישיבות ולמוסדות החינוך החרדי?","0.5","עמדה חלקית","documented_silence","0","","","","",""
"orot","אורות השחר","nation-state-law","סעיף שוויון בחוק הלאום","האם צריך להוסיף לחוק הלאום סעיף שקובע שכל אזרחי ישראל שווים?","0.5","עמדה חלקית","documented_silence","0","","","","",""
"orot","אורות השחר","temple-mount","תפילת יהודים בהר הבית","האם יש לאפשר תפילת יהודים בהר הבית, גם אם המשמעות היא שינוי הסטטוס-קוו?","0.5","עמדה חלקית","documented_silence","0","","","","",""
"orot","אורות השחר","settlements","הרחבת ההתנחלויות","האם יש להרחיב את ההתנחלויות ביהודה ושומרון?","1","בעד","sourced","1","platform","doc","2025-10-27","https://orothashachar.org.il/platform/","2026-09-07"
"orot","אורות השחר","term-limits","הגבלת כהונת ראש הממשלה","האם צריך לקבוע בחוק הגבלה על מספר השנים שראש ממשלה יכול לכהן?","1","בעד","sourced","1","platform","doc","2025-10-27","https://orothashachar.org.il/platform/","2026-09-07"
"orot","אורות השחר","benefits-for-service","התניית הטבות בשירות צבאי או אזרחי","האם יש להתנות הטבות ממשלתיות (כמו הנחות ומענקים) בשירות צבאי או אזרחי?","1","בעד","sourced","2","platform","doc","2025-10-27","https://orothashachar.org.il/platform/","2026-09-07"
"orot","אורות השחר","housing","התערבות ממשלתית בשוק הדיור","האם על הממשלה להתערב באופן פעיל בשוק הדיור: פיקוח, סבסוד ודיור ציבורי?","0.5","עמדה חלקית","sourced","2","platform","doc","2025-10-27","https://orothashachar.org.il/platform/","2026-09-07"
"orot","אורות השחר","lgbt-equality","שוויון זכויות לקהילה הלהט""בית","האם יש לעגן בחוק שוויון זכויות מלא לקהילת הלהט""ב, כולל הכרה בזוגיות?","0","נגד","sourced","1","platform","doc","2025-10-27","https://orothashachar.org.il/platform/","2026-09-07"
"orot","אורות השחר","saudi-normalization","ויתורים לפלסטינים תמורת שלום עם סעודיה","האם כדאי לישראל לוותר לפלסטינים, למשל להקפיא בנייה בהתנחלויות, כדי להשיג הסכם שלום עם ערב הסעודית?","0.5","עמדה חלקית","documented_silence","0","","","","",""
"orot","אורות השחר","universal-service","חובת שירות לכלל האזרחים","האם יש להנהיג חובת שירות, צבאי או אזרחי, לכלל אזרחי ישראל, כולל חרדים וערבים?","1","בעד","sourced","2","platform","doc","2025-10-27","https://orothashachar.org.il/platform/","2026-09-07"
"orot","אורות השחר","haredi-coalition","חרדים בקואליציה ללא חוק גיוס","האם לגיטימי לצרף את המפלגות החרדיות לקואליציה גם ללא הסכמה מראש על חוק גיוס?","0.5","עמדה חלקית","documented_silence","0","","","","",""
"orot","אורות השחר","arab-coalition","מפלגות ערביות בקואליציה","האם לגיטימי לצרף מפלגות ערביות לקואליציה ולממשלה?","0","נגד","sourced","1","mk","said","2026-07-07","https://www.srugim.co.il/101005786-%D7%A4%D7%A2%D7%99%D7%9C-%D7%94%D7%99%D7%9E%D7%99%D7%9F-%D7%9E%D7%A4%D7%AA%D7%99%D7%A2-%D7%94%D7%97%D7%9C%D7%98%D7%AA%D7%99-%D7%9C%D7%AA%D7%9E%D7%95%D7%9A-%D7%91%D7%91%D7%A0%D7%98","2026-09-07"
"wilf","עוז","palestinian-state","מדינה פלסטינית","האם יש להקים מדינה פלסטינית לצד ישראל במסגרת הסדר עתידי?","0.5","עמדה חלקית","sourced","2","leader","said","2026-01-22","https://www.c14.co.il/article/1437699","2026-09-07"
"wilf","עוז","death-penalty","עונש מוות למחבלים","האם יש לחוקק בישראל עונש מוות למחבלים?","0.5","עמדה חלקית","documented_silence","0","","","","",""
"wilf","עוז","haredi-draft","גיוס חרדים","האם יש לחוקק חוק המחייב גיוס בחורי ישיבה חרדים, כולל סנקציות אישיות על משתמטים?","1","בעד","sourced","2","platform","doc","2026-09-06","https://www.ozparty.co.il/state-services","2026-09-07"
"wilf","עוז","judicial-reform","הרפורמה המשפטית והגבלת בג""ץ","האם יש להגביל את סמכויות בג""ץ ולחזק את כוחן של הכנסת והממשלה (ברוח הרפורמה המשפטית)?","0.5","עמדה חלקית","sourced","2","platform","doc","2026-09-06","https://www.ozparty.co.il/exile-to-sovereignty","2026-09-07"
"wilf","עוז","oct7-inquiry","ועדת חקירה ממלכתית ל-7 באוקטובר","האם יש להקים מיד ועדת חקירה ממלכתית לאירועי 7 באוקטובר?","0.5","עמדה חלקית","documented_silence","0","","","","",""
"wilf","עוז","religion-state","תחבורה ציבורית בשבת ונישואים אזרחיים","האם יש להפעיל תחבורה ציבורית בשבת ולהנהיג נישואים אזרחיים בישראל?","1","בעד","sourced","2","platform","doc","2026-09-07","https://www.ozparty.co.il/exile-to-sovereignty","2026-09-07"
"wilf","עוז","gaza-control","שליטה ביטחונית בעזה","האם צה""ל צריך להמשיך לשלוט ביטחונית ברצועת עזה גם בשנים הקרובות?","0.5","עמדה חלקית","documented_silence","0","","","","",""
"wilf","עוז","lower-taxes","הורדת מסים מול שירותים לאזרח","האם צריך להוריד מסים, גם אם המשמעות היא שהמדינה תספק פחות שירותים לאזרח?","0.5","עמדה חלקית","sourced","1","platform","doc","2026-09-06","https://www.ozparty.co.il/state-services","2026-09-07"
"wilf","עוז","yeshiva-budgets","תקציבי הישיבות והחינוך החרדי","האם יש להגדיל את התקציבים לישיבות ולמוסדות החינוך החרדי?","0","נגד","sourced","2","platform","doc","2026-09-06","https://www.ozparty.co.il/exile-to-sovereignty","2026-09-07"
"wilf","עוז","nation-state-law","סעיף שוויון בחוק הלאום","האם צריך להוסיף לחוק הלאום סעיף שקובע שכל אזרחי ישראל שווים?","1","בעד","sourced","1","platform","doc","2026-09-07","https://www.ozparty.co.il/exile-to-sovereignty","2026-09-07"
"wilf","עוז","temple-mount","תפילת יהודים בהר הבית","האם יש לאפשר תפילת יהודים בהר הבית, גם אם המשמעות היא שינוי הסטטוס-קוו?","0.5","עמדה חלקית","documented_silence","0","","","","",""
"wilf","עוז","settlements","הרחבת ההתנחלויות","האם יש להרחיב את ההתנחלויות ביהודה ושומרון?","0.5","עמדה חלקית","sourced","2","platform","doc","2026-09-06","https://www.ozparty.co.il/exile-to-sovereignty","2026-09-07"
"wilf","עוז","term-limits","הגבלת כהונת ראש הממשלה","האם צריך לקבוע בחוק הגבלה על מספר השנים שראש ממשלה יכול לכהן?","0.5","עמדה חלקית","documented_silence","0","","","","",""
"wilf","עוז","benefits-for-service","התניית הטבות בשירות צבאי או אזרחי","האם יש להתנות הטבות ממשלתיות (כמו הנחות ומענקים) בשירות צבאי או אזרחי?","1","בעד","sourced","2","platform","doc","2026-09-06","https://www.ozparty.co.il/state-services","2026-09-07"
"wilf","עוז","housing","התערבות ממשלתית בשוק הדיור","האם על הממשלה להתערב באופן פעיל בשוק הדיור: פיקוח, סבסוד ודיור ציבורי?","0.5","עמדה חלקית","sourced","1","platform","doc","2026-09-06","https://www.ozparty.co.il/exile-to-sovereignty","2026-09-07"
"wilf","עוז","lgbt-equality","שוויון זכויות לקהילה הלהט""בית","האם יש לעגן בחוק שוויון זכויות מלא לקהילת הלהט""ב, כולל הכרה בזוגיות?","0.5","עמדה חלקית","documented_silence","0","","","","",""
"wilf","עוז","saudi-normalization","ויתורים לפלסטינים תמורת שלום עם סעודיה","האם כדאי לישראל לוותר לפלסטינים, למשל להקפיא בנייה בהתנחלויות, כדי להשיג הסכם שלום עם ערב הסעודית?","0.5","עמדה חלקית","sourced","1","leader","said","2025-12-13","https://www.maariv.co.il/news/opinions/article-1261155","2026-09-07"
"wilf","עוז","universal-service","חובת שירות לכלל האזרחים","האם יש להנהיג חובת שירות, צבאי או אזרחי, לכלל אזרחי ישראל, כולל חרדים וערבים?","1","בעד","sourced","2","platform","doc","2026-09-06","https://www.ozparty.co.il/state-services","2026-09-07"
"wilf","עוז","haredi-coalition","חרדים בקואליציה ללא חוק גיוס","האם לגיטימי לצרף את המפלגות החרדיות לקואליציה גם ללא הסכמה מראש על חוק גיוס?","0","נגד","sourced","1","leader","said","2024-10-15","https://www.israelhayom.co.il/magazine/hashavua/article/16616700","2026-09-07"
"wilf","עוז","arab-coalition","מפלגות ערביות בקואליציה","האם לגיטימי לצרף מפלגות ערביות לקואליציה ולממשלה?","0.5","עמדה חלקית","documented_silence","0","","","","",""
"zelicha","הכלכלית החדשה","palestinian-state","מדינה פלסטינית","האם יש להקים מדינה פלסטינית לצד ישראל במסגרת הסדר עתידי?","0","נגד","sourced","2","platform","doc","2026-09-06","https://www.hakalkalit.org/%D7%91%D7%99%D7%98%D7%97%D7%95%D7%9F","2026-09-07"
"zelicha","הכלכלית החדשה","death-penalty","עונש מוות למחבלים","האם יש לחוקק בישראל עונש מוות למחבלים?","0.5","עמדה חלקית","documented_silence","0","","","","",""
"zelicha","הכלכלית החדשה","haredi-draft","גיוס חרדים","האם יש לחוקק חוק המחייב גיוס בחורי ישיבה חרדים, כולל סנקציות אישיות על משתמטים?","1","בעד","sourced","2","platform","doc","2026-09-06","https://www.hakalkalit.org/%D7%91%D7%99%D7%98%D7%97%D7%95%D7%9F","2026-09-07"
"zelicha","הכלכלית החדשה","judicial-reform","הרפורמה המשפטית והגבלת בג""ץ","האם יש להגביל את סמכויות בג""ץ ולחזק את כוחן של הכנסת והממשלה (ברוח הרפורמה המשפטית)?","0.5","עמדה חלקית","sourced","2","policy","doc","2023-01-31","https://www.hakalkalit.org/%D7%A8%D7%A4%D7%95%D7%A8%D7%9E%D7%94-%D7%91%D7%9E%D7%A2%D7%A8%D7%9B%D7%AA-%D7%94%D7%9E%D7%A9%D7%A4%D7%98","2026-09-07"
"zelicha","הכלכלית החדשה","oct7-inquiry","ועדת חקירה ממלכתית ל-7 באוקטובר","האם יש להקים מיד ועדת חקירה ממלכתית לאירועי 7 באוקטובר?","0.5","עמדה חלקית","sourced","1","leader","said","2026-08-13","https://www.c14.co.il/article/1659414","2026-09-07"
"zelicha","הכלכלית החדשה","religion-state","תחבורה ציבורית בשבת ונישואים אזרחיים","האם יש להפעיל תחבורה ציבורית בשבת ולהנהיג נישואים אזרחיים בישראל?","0.5","עמדה חלקית","sourced","1","media","reported","2021-03-17","https://shakuf.co.il/19271","2026-09-07"
"zelicha","הכלכלית החדשה","gaza-control","שליטה ביטחונית בעזה","האם צה""ל צריך להמשיך לשלוט ביטחונית ברצועת עזה גם בשנים הקרובות?","0.5","עמדה חלקית","sourced","2","platform","doc","2026-09-06","https://www.hakalkalit.org/%D7%91%D7%99%D7%98%D7%97%D7%95%D7%9F","2026-09-07"
"zelicha","הכלכלית החדשה","lower-taxes","הורדת מסים מול שירותים לאזרח","האם צריך להוריד מסים, גם אם המשמעות היא שהמדינה תספק פחות שירותים לאזרח?","1","בעד","sourced","1","platform","doc","2026-09-06","https://www.hakalkalit.org/%D7%9E%D7%A6%D7%A2-%D7%94%D7%9E%D7%A4%D7%9C%D7%92%D7%94-%D7%94%D7%9B%D7%9C%D7%9B%D7%9C%D7%99%D7%AA","2026-09-07"
"zelicha","הכלכלית החדשה","yeshiva-budgets","תקציבי הישיבות והחינוך החרדי","האם יש להגדיל את התקציבים לישיבות ולמוסדות החינוך החרדי?","0","נגד","sourced","1","platform","doc","2026-09-06","https://www.hakalkalit.org/%D7%91%D7%99%D7%98%D7%97%D7%95%D7%9F","2026-09-07"
"zelicha","הכלכלית החדשה","nation-state-law","סעיף שוויון בחוק הלאום","האם צריך להוסיף לחוק הלאום סעיף שקובע שכל אזרחי ישראל שווים?","1","בעד","sourced","1","platform","doc","2026-09-07","https://web.archive.org/web/20251116163323/https://www.hakalkalit.org/%D7%A0%D7%95%D7%A9%D7%90%D7%99%D7%9D-%D7%95%D7%AA%D7%97%D7%95%D7%9E%D7%99%D7%9D-%D7%A0%D7%95%D7%A1%D7%A4%D7%99%D7%9D","2026-09-07"
"zelicha","הכלכלית החדשה","temple-mount","תפילת יהודים בהר הבית","האם יש לאפשר תפילת יהודים בהר הבית, גם אם המשמעות היא שינוי הסטטוס-קוו?","0.5","עמדה חלקית","documented_silence","0","","","","",""
"zelicha","הכלכלית החדשה","settlements","הרחבת ההתנחלויות","האם יש להרחיב את ההתנחלויות ביהודה ושומרון?","1","בעד","sourced","2","platform","doc","2026-09-06","https://www.hakalkalit.org/%D7%91%D7%99%D7%98%D7%97%D7%95%D7%9F","2026-09-07"
"zelicha","הכלכלית החדשה","term-limits","הגבלת כהונת ראש הממשלה","האם צריך לקבוע בחוק הגבלה על מספר השנים שראש ממשלה יכול לכהן?","1","בעד","sourced","1","media","reported","2021-03-17","https://shakuf.co.il/19268","2026-09-07"
"zelicha","הכלכלית החדשה","benefits-for-service","התניית הטבות בשירות צבאי או אזרחי","האם יש להתנות הטבות ממשלתיות (כמו הנחות ומענקים) בשירות צבאי או אזרחי?","1","בעד","sourced","1","platform","doc","2026-09-06","https://www.hakalkalit.org/%D7%91%D7%99%D7%98%D7%97%D7%95%D7%9F","2026-09-07"
"zelicha","הכלכלית החדשה","housing","התערבות ממשלתית בשוק הדיור","האם על הממשלה להתערב באופן פעיל בשוק הדיור: פיקוח, סבסוד ודיור ציבורי?","0.5","עמדה חלקית","sourced","2","platform","doc","2026-09-06","https://www.hakalkalit.org/%D7%9E%D7%A6%D7%A2-%D7%94%D7%9E%D7%A4%D7%9C%D7%92%D7%94-%D7%94%D7%9B%D7%9C%D7%9B%D7%9C%D7%99%D7%AA","2026-09-07"
"zelicha","הכלכלית החדשה","lgbt-equality","שוויון זכויות לקהילה הלהט""בית","האם יש לעגן בחוק שוויון זכויות מלא לקהילת הלהט""ב, כולל הכרה בזוגיות?","1","בעד","sourced","1","platform","doc","2026-09-07","https://web.archive.org/web/20251116163323/https://www.hakalkalit.org/%D7%A0%D7%95%D7%A9%D7%90%D7%99%D7%9D-%D7%95%D7%AA%D7%97%D7%95%D7%9E%D7%99%D7%9D-%D7%A0%D7%95%D7%A1%D7%A4%D7%99%D7%9D","2026-09-07"
"zelicha","הכלכלית החדשה","saudi-normalization","ויתורים לפלסטינים תמורת שלום עם סעודיה","האם כדאי לישראל לוותר לפלסטינים, למשל להקפיא בנייה בהתנחלויות, כדי להשיג הסכם שלום עם ערב הסעודית?","0.5","עמדה חלקית","documented_silence","0","","","","",""
"zelicha","הכלכלית החדשה","universal-service","חובת שירות לכלל האזרחים","האם יש להנהיג חובת שירות, צבאי או אזרחי, לכלל אזרחי ישראל, כולל חרדים וערבים?","0.5","עמדה חלקית","sourced","2","platform","doc","2026-09-07","https://www.hakalkalit.org/%D7%91%D7%99%D7%98%D7%97%D7%95%D7%9F","2026-09-07"
"zelicha","הכלכלית החדשה","haredi-coalition","חרדים בקואליציה ללא חוק גיוס","האם לגיטימי לצרף את המפלגות החרדיות לקואליציה גם ללא הסכמה מראש על חוק גיוס?","0.5","עמדה חלקית","sourced","1","leader","said","2026-07-09","https://www.israelhayom.co.il/news/politics/article/20941902","2026-09-07"
"zelicha","הכלכלית החדשה","arab-coalition","מפלגות ערביות בקואליציה","האם לגיטימי לצרף מפלגות ערביות לקואליציה ולממשלה?","0","נגד","sourced","2","leader","said","2026-08-13","https://www.c14.co.il/article/1659414","2026-09-07"
"standing","מקום לכולנו","palestinian-state","מדינה פלסטינית","האם יש להקים מדינה פלסטינית לצד ישראל במסגרת הסדר עתידי?","1","בעד","sourced","4","platform","doc","2026-09-07","https://www.place4all.org.il/platform","2026-09-07"
"standing","מקום לכולנו","death-penalty","עונש מוות למחבלים","האם יש לחוקק בישראל עונש מוות למחבלים?","0","נגד","sourced","2","platform","doc","2026-09-07","https://www.place4all.org.il/platform","2026-09-07"
"standing","מקום לכולנו","haredi-draft","גיוס חרדים","האם יש לחוקק חוק המחייב גיוס בחורי ישיבה חרדים, כולל סנקציות אישיות על משתמטים?","0","נגד","sourced","1","leader","said","2026-08-13","https://1075.fm/item/222830","2026-09-07"
"standing","מקום לכולנו","judicial-reform","הרפורמה המשפטית והגבלת בג""ץ","האם יש להגביל את סמכויות בג""ץ ולחזק את כוחן של הכנסת והממשלה (ברוח הרפורמה המשפטית)?","0","נגד","sourced","2","leader","said","2024-11-25","https://t.me/s/AlonLeeGreen/130","2026-09-07"
"standing","מקום לכולנו","oct7-inquiry","ועדת חקירה ממלכתית ל-7 באוקטובר","האם יש להקים מיד ועדת חקירה ממלכתית לאירועי 7 באוקטובר?","0.5","עמדה חלקית","documented_silence","0","","","","",""
"standing","מקום לכולנו","religion-state","תחבורה ציבורית בשבת ונישואים אזרחיים","האם יש להפעיל תחבורה ציבורית בשבת ולהנהיג נישואים אזרחיים בישראל?","1","בעד","sourced","2","platform","doc","2026-09-07","https://www.place4all.org.il/platform","2026-09-07"
"standing","מקום לכולנו","gaza-control","שליטה ביטחונית בעזה","האם צה""ל צריך להמשיך לשלוט ביטחונית ברצועת עזה גם בשנים הקרובות?","0","נגד","sourced","4","platform","doc","2026-09-07","https://www.place4all.org.il/qa","2026-09-07"
"standing","מקום לכולנו","lower-taxes","הורדת מסים מול שירותים לאזרח","האם צריך להוריד מסים, גם אם המשמעות היא שהמדינה תספק פחות שירותים לאזרח?","0","נגד","sourced","2","platform","doc","2026-09-07","https://www.place4all.org.il/platform","2026-09-07"
"standing","מקום לכולנו","yeshiva-budgets","תקציבי הישיבות והחינוך החרדי","האם יש להגדיל את התקציבים לישיבות ולמוסדות החינוך החרדי?","0.5","עמדה חלקית","documented_silence","0","","","","",""
"standing","מקום לכולנו","nation-state-law","סעיף שוויון בחוק הלאום","האם צריך להוסיף לחוק הלאום סעיף שקובע שכל אזרחי ישראל שווים?","1","בעד","sourced","3","platform","doc","2026-09-07","https://www.place4all.org.il/platform","2026-09-07"
"standing","מקום לכולנו","temple-mount","תפילת יהודים בהר הבית","האם יש לאפשר תפילת יהודים בהר הבית, גם אם המשמעות היא שינוי הסטטוס-קוו?","0","נגד","sourced","1","leader","said","2023-04-06","https://t.me/s/AlonLeeGreen/20","2026-09-07"
"standing","מקום לכולנו","settlements","הרחבת ההתנחלויות","האם יש להרחיב את ההתנחלויות ביהודה ושומרון?","0","נגד","sourced","4","platform","doc","2026-09-07","https://www.place4all.org.il/platform","2026-09-07"
"standing","מקום לכולנו","term-limits","הגבלת כהונת ראש הממשלה","האם צריך לקבוע בחוק הגבלה על מספר השנים שראש ממשלה יכול לכהן?","0.5","עמדה חלקית","documented_silence","0","","","","",""
"standing","מקום לכולנו","benefits-for-service","התניית הטבות בשירות צבאי או אזרחי","האם יש להתנות הטבות ממשלתיות (כמו הנחות ומענקים) בשירות צבאי או אזרחי?","0.5","עמדה חלקית","documented_silence","0","","","","",""
"standing","מקום לכולנו","housing","התערבות ממשלתית בשוק הדיור","האם על הממשלה להתערב באופן פעיל בשוק הדיור: פיקוח, סבסוד ודיור ציבורי?","1","בעד","sourced","2","platform","doc","2026-09-07","https://www.place4all.org.il/platform","2026-09-07"
"standing","מקום לכולנו","lgbt-equality","שוויון זכויות לקהילה הלהט""בית","האם יש לעגן בחוק שוויון זכויות מלא לקהילת הלהט""ב, כולל הכרה בזוגיות?","1","בעד","sourced","2","platform","doc","2026-09-07","https://www.place4all.org.il/platform","2026-09-07"
"standing","מקום לכולנו","saudi-normalization","ויתורים לפלסטינים תמורת שלום עם סעודיה","האם כדאי לישראל לוותר לפלסטינים, למשל להקפיא בנייה בהתנחלויות, כדי להשיג הסכם שלום עם ערב הסעודית?","1","בעד","sourced","2","platform","doc","2026-09-07","https://www.place4all.org.il/platform","2026-09-07"
"standing","מקום לכולנו","universal-service","חובת שירות לכלל האזרחים","האם יש להנהיג חובת שירות, צבאי או אזרחי, לכלל אזרחי ישראל, כולל חרדים וערבים?","0","נגד","sourced","2","platform","doc","2026-09-07","https://www.place4all.org.il/demands","2026-09-07"
"standing","מקום לכולנו","haredi-coalition","חרדים בקואליציה ללא חוק גיוס","האם לגיטימי לצרף את המפלגות החרדיות לקואליציה גם ללא הסכמה מראש על חוק גיוס?","0.5","עמדה חלקית","documented_silence","0","","","","",""
"standing","מקום לכולנו","arab-coalition","מפלגות ערביות בקואליציה","האם לגיטימי לצרף מפלגות ערביות לקואליציה ולממשלה?","1","בעד","sourced","2","leader","said","2026-07-06","https://t.me/s/RulaDaood/109","2026-09-07"
"byn","ביחד נצליח","palestinian-state","מדינה פלסטינית","האם יש להקים מדינה פלסטינית לצד ישראל במסגרת הסדר עתידי?","1","בעד","sourced","2","leader","said","2025-07-26","https://sonara.net/%d8%ad%d8%b2%d8%a8-%d9%85%d8%b9%d9%8b%d8%a7-%d9%86%d9%86%d8%ac%d8%ad-%d9%8a%d8%b1%d8%ad%d8%a8-%d8%a8%d8%aa%d8%b5%d8%b1%d9%8a%d8%ad-%d9%85%d8%a7%d9%83%d8%b1%d9%88%d9%86-%d9%84%d9%84%d8%a7%d8%b9/","2026-09-07"
"byn","ביחד נצליח","death-penalty","עונש מוות למחבלים","האם יש לחוקק בישראל עונש מוות למחבלים?","0.5","עמדה חלקית","documented_silence","0","","","","",""
"byn","ביחד נצליח","haredi-draft","גיוס חרדים","האם יש לחוקק חוק המחייב גיוס בחורי ישיבה חרדים, כולל סנקציות אישיות על משתמטים?","0","נגד","sourced","1","media","reported","2025-11-26","https://www.israelhayom.co.il/news/politics/article/19326783","2026-09-07"
"byn","ביחד נצליח","judicial-reform","הרפורמה המשפטית והגבלת בג""ץ","האם יש להגביל את סמכויות בג""ץ ולחזק את כוחן של הכנסת והממשלה (ברוח הרפורמה המשפטית)?","0","נגד","sourced","1","media","reported","2026-01-13","https://sonara.net/%d8%ad%d8%b2%d8%a8-%d9%85%d8%b9%d9%8b%d8%a7-%d9%86%d9%86%d8%ac%d8%ad-%d8%aa%d9%88%d8%b3%d9%8a%d8%b9-%d8%aa%d8%ad%d8%a7%d9%84%d9%81-%d8%a7%d9%84%d9%82%d9%88%d9%89-%d9%84%d9%84%d8%aa%d8%b9%d8%a7/","2026-09-07"
"byn","ביחד נצליח","oct7-inquiry","ועדת חקירה ממלכתית ל-7 באוקטובר","האם יש להקים מיד ועדת חקירה ממלכתית לאירועי 7 באוקטובר?","0.5","עמדה חלקית","documented_silence","0","","","","",""
"byn","ביחד נצליח","religion-state","תחבורה ציבורית בשבת ונישואים אזרחיים","האם יש להפעיל תחבורה ציבורית בשבת ולהנהיג נישואים אזרחיים בישראל?","1","בעד","sourced","1","media","reported","2025-06-30","https://www.ice.co.il/local-news/news/article/1072201","2026-09-07"
"byn","ביחד נצליח","gaza-control","שליטה ביטחונית בעזה","האם צה""ל צריך להמשיך לשלוט ביטחונית ברצועת עזה גם בשנים הקרובות?","0","נגד","sourced","1","leader","said","2024-04-24","https://103fm.maariv.co.il/programs/media.aspx?ZrqvnVq=JHMGIF&c41t4nzVQ=GJL","2026-09-07"
"byn","ביחד נצליח","lower-taxes","הורדת מסים מול שירותים לאזרח","האם צריך להוריד מסים, גם אם המשמעות היא שהמדינה תספק פחות שירותים לאזרח?","0","נגד","sourced","2","media","reported","2025-09-15","https://sonara.net/%d8%a7%d9%84%d8%ad%d8%b2%d8%a8-%d8%a7%d9%84%d9%8a%d9%87%d9%88%d8%af%d9%8a-%d8%a7%d9%84%d8%b9%d8%b1%d8%a8%d9%8a-%d9%85%d8%b9%d8%a7%d9%8b-%d9%86%d9%86%d8%ac%d8%ad-%d8%af%d8%b9%d9%85-%d8%a7%d9%84/","2026-09-07"
"byn","ביחד נצליח","yeshiva-budgets","תקציבי הישיבות והחינוך החרדי","האם יש להגדיל את התקציבים לישיבות ולמוסדות החינוך החרדי?","0.5","עמדה חלקית","documented_silence","0","","","","",""
"byn","ביחד נצליח","nation-state-law","סעיף שוויון בחוק הלאום","האם צריך להוסיף לחוק הלאום סעיף שקובע שכל אזרחי ישראל שווים?","1","בעד","sourced","1","media","reported","2024-05-19","https://www.inn.co.il/news/637837","2026-09-07"
"byn","ביחד נצליח","temple-mount","תפילת יהודים בהר הבית","האם יש לאפשר תפילת יהודים בהר הבית, גם אם המשמעות היא שינוי הסטטוס-קוו?","0.5","עמדה חלקית","documented_silence","0","","","","",""
"byn","ביחד נצליח","settlements","הרחבת ההתנחלויות","האם יש להרחיב את ההתנחלויות ביהודה ושומרון?","0","נגד","sourced","2","leader","said","2025-07-24","https://sonara.net/%d8%ad%d8%b2%d8%a8-%d9%85%d8%b9%d9%8b%d8%a7-%d9%86%d9%86%d8%ac%d8%ad-%d9%8a%d8%ad%d8%b0%d8%b1-%d9%85%d9%86-%d8%b6%d9%85-%d9%81%d8%b9%d9%84%d9%8a-%d9%84%d9%84%d8%b6%d9%81%d8%a9-%d8%a7%d9%84%d8%ba/","2026-09-07"
"byn","ביחד נצליח","term-limits","הגבלת כהונת ראש הממשלה","האם צריך לקבוע בחוק הגבלה על מספר השנים שראש ממשלה יכול לכהן?","0.5","עמדה חלקית","documented_silence","0","","","","",""
"byn","ביחד נצליח","benefits-for-service","התניית הטבות בשירות צבאי או אזרחי","האם יש להתנות הטבות ממשלתיות (כמו הנחות ומענקים) בשירות צבאי או אזרחי?","0.5","עמדה חלקית","documented_silence","0","","","","",""
"byn","ביחד נצליח","housing","התערבות ממשלתית בשוק הדיור","האם על הממשלה להתערב באופן פעיל בשוק הדיור: פיקוח, סבסוד ודיור ציבורי?","1","בעד","sourced","1","media","reported","2025-09-15","https://sonara.net/%d8%a7%d9%84%d8%ad%d8%b2%d8%a8-%d8%a7%d9%84%d9%8a%d9%87%d9%88%d8%af%d9%8a-%d8%a7%d9%84%d8%b9%d8%b1%d8%a8%d9%8a-%d9%85%d8%b9%d8%a7%d9%8b-%d9%86%d9%86%d8%ac%d8%ad-%d8%af%d8%b9%d9%85-%d8%a7%d9%84/","2026-09-07"
"byn","ביחד נצליח","lgbt-equality","שוויון זכויות לקהילה הלהט""בית","האם יש לעגן בחוק שוויון זכויות מלא לקהילת הלהט""ב, כולל הכרה בזוגיות?","0.5","עמדה חלקית","documented_silence","0","","","","",""
"byn","ביחד נצליח","saudi-normalization","ויתורים לפלסטינים תמורת שלום עם סעודיה","האם כדאי לישראל לוותר לפלסטינים, למשל להקפיא בנייה בהתנחלויות, כדי להשיג הסכם שלום עם ערב הסעודית?","1","בעד","sourced","2","media","reported","2025-11-26","https://www.israelhayom.co.il/news/politics/article/19326783","2026-09-07"
"byn","ביחד נצליח","universal-service","חובת שירות לכלל האזרחים","האם יש להנהיג חובת שירות, צבאי או אזרחי, לכלל אזרחי ישראל, כולל חרדים וערבים?","0","נגד","sourced","1","media","reported","2025-11-26","https://www.israelhayom.co.il/news/politics/article/19326783","2026-09-07"
"byn","ביחד נצליח","haredi-coalition","חרדים בקואליציה ללא חוק גיוס","האם לגיטימי לצרף את המפלגות החרדיות לקואליציה גם ללא הסכמה מראש על חוק גיוס?","0.5","עמדה חלקית","sourced","1","leader","said","2025-08-11","https://sonara.net/%d9%85%d8%b9%d9%8b%d8%a7-%d9%86%d9%86%d8%ac%d8%ad-%d8%a3%d9%8a-%d8%aa%d8%ad%d8%a7%d9%84%d9%81-%d8%aa%d9%82%d9%86%d9%8a-%d9%81%d9%8a-%d8%a7%d9%84%d9%85%d8%b4%d8%aa%d8%b1%d9%83%d8%a9/","2026-09-07"
"byn","ביחד נצליח","arab-coalition","מפלגות ערביות בקואליציה","האם לגיטימי לצרף מפלגות ערביות לקואליציה ולממשלה?","1","בעד","sourced","2","leader","said","2025-12-22","https://www.maariv.co.il/news/military/article-1264737","2026-09-07"
